[
{"action":{"type":"block"},"condition":{"urlFilter":"||glasistre.hr/sliderbanner^"},"id":1,"priority":10},
{"action":{"type":"block"},"condition":{"urlFilter":"||pcpress.rs/video/vesimpex/vesimpex.mp4^"},"id":2,"priority":10},
{"action":{"type":"block"},"condition":{"initiatorDomains":["gloria.hr"],"urlFilter":"||html-load.com/loader.min.js^"},"id":3,"priority":10},
{"action":{"type":"block"},"condition":{"urlFilter":"||opcinakupres.ba/images/stories/gsshbz.png^"},"id":4,"priority":10},
{"action":{"type":"block"},"condition":{"urlFilter":"||paragraf.rs/img/*-float-baner.png^"},"id":5,"priority":10},
{"action":{"type":"block"},"condition":{"urlFilter":"||barinfo.me/wp-content/uploads/*/*banner-*.gif^"},"id":6,"priority":10},
{"action":{"type":"block"},"condition":{"urlFilter":"||bokanews.me/wp-content/uploads/*.336x280-*.gif^"},"id":7,"priority":10},
{"action":{"type":"block"},"condition":{"urlFilter":"||onogost.me/wp-content/uploads/*-baner*.png.webp^"},"id":8,"priority":10},
{"action":{"type":"block"},"condition":{"urlFilter":"||onogost.me/wp-content/uploads/*.gif^"},"id":9,"priority":10},
{"action":{"type":"block"},"condition":{"urlFilter":"||rtnk.me/files/documents/*cedis*.gif^"},"id":10,"priority":10},
{"action":{"type":"block"},"condition":{"urlFilter":"||sk.rs/slike/baneri^"},"id":11,"priority":10},
{"action":{"type":"block"},"condition":{"urlFilter":"||info-ks.net/assets/img/banners^"},"id":12,"priority":10},
{"action":{"type":"block"},"condition":{"urlFilter":"/avala-press/"},"id":13,"priority":10},
{"action":{"type":"block"},"condition":{"urlFilter":"/ad-space-right.html^"},"id":14,"priority":10},
{"action":{"type":"block"},"condition":{"urlFilter":"/bannerright/"},"id":15,"priority":10},
{"action":{"type":"block"},"condition":{"urlFilter":"/microbanner^"},"id":16,"priority":10},
{"action":{"type":"block"},"condition":{"urlFilter":"||ba/images/banners^"},"id":17,"priority":10},
{"action":{"type":"block"},"condition":{"urlFilter":"||rs/images/banners^"},"id":18,"priority":10},
{"action":{"type":"block"},"condition":{"urlFilter":"||hr/content/banner^"},"id":19,"priority":10},
{"action":{"type":"block"},"condition":{"urlFilter":"||hr/portal/banner?"},"id":20,"priority":10},
{"action":{"type":"block"},"condition":{"urlFilter":"||aviatica.rs/static/uploads/*/*/*-banner-*x*.gif^"},"id":21,"priority":10},
{"action":{"type":"block"},"condition":{"urlFilter":"||aviatica.rs/static/uploads/*/*/aviatica-1atravel-*.gif^"},"id":22,"priority":10},
{"action":{"type":"block"},"condition":{"urlFilter":"||bug.hr/ads/"},"id":23,"priority":10},
{"action":{"type":"block"},"condition":{"initiatorDomains":["nova.rs"],"requestDomains":["contentexchange.me"]},"id":24,"priority":10},
{"action":{"type":"block"},"condition":{"urlFilter":"||filmotopia.org/sw.js"},"id":25,"priority":10},
{"action":{"type":"block"},"condition":{"urlFilter":"||kupujemprodajem.com/bshow.php^"},"id":26,"priority":10},
{"action":{"type":"block"},"condition":{"urlFilter":"||mob.hr/blog/wp-content/uploads/noviupload/noa-e1-banner"},"id":27,"priority":10},
{"action":{"type":"block"},"condition":{"urlFilter":"||mob.hr/h18.jpg^"},"id":28,"priority":10},
{"action":{"type":"block"},"condition":{"urlFilter":"||mob.hr^*-300x250."},"id":29,"priority":10},
{"action":{"type":"block"},"condition":{"urlFilter":"||pcchip.hr/wp-content/uploads*banner"},"id":30,"priority":10},
{"action":{"type":"block"},"condition":{"initiatorDomains":["animesrbija.com"],"requestDomains":["zotabox.com"]},"id":31,"priority":10},
{"action":{"type":"block"},"condition":{"requestDomains":["banner.mob.hr","eph-adsjutarnji.cdn.sysbee.net","linker.hr","widgets.jutarnji.hr"]},"id":32,"priority":10},
{"action":{"type":"block"},"condition":{"resourceTypes":["image"],"urlFilter":"||farmer.ba/files/banners^"},"id":33,"priority":10},
{"action":{"type":"block"},"condition":{"resourceTypes":["image"],"urlFilter":"||nap.ba/storage/userfiles/images/slike"},"id":34,"priority":10},
{"action":{"type":"block"},"condition":{"resourceTypes":["image"],"urlFilter":"||navidiku.rs/banerslike^"},"id":35,"priority":10},
{"action":{"type":"block"},"condition":{"resourceTypes":["image"],"urlFilter":"||oglasi.rs/serve^"},"id":36,"priority":10},
{"action":{"type":"block"},"condition":{"resourceTypes":["image"],"urlFilter":"||pcpress.rs/pcincludes^"},"id":37,"priority":10},
{"action":{"type":"block"},"condition":{"resourceTypes":["image"],"urlFilter":"||pcpress.rs/wp-content/baner^"},"id":38,"priority":10},
{"action":{"type":"block"},"condition":{"resourceTypes":["image"],"urlFilter":"||saznajnovo.com/*-baner.jpg^"},"id":39,"priority":10},
{"action":{"type":"block"},"condition":{"resourceTypes":["image"],"urlFilter":"||krajina.ba/wp-content/uploads/*/baner-"},"id":40,"priority":10},
{"action":{"type":"block"},"condition":{"resourceTypes":["image"],"urlFilter":"||opcinakupres.ba/images/stories/logo"},"id":41,"priority":10},
{"action":{"type":"block"},"condition":{"resourceTypes":["image"],"urlFilter":"||dalmacijadanas.hr/wp-content/banners^"},"id":42,"priority":10},
{"action":{"type":"block"},"condition":{"resourceTypes":["image"],"urlFilter":"||naxi.rs/media/*-naxi-2010x1000-"},"id":43,"priority":10},
{"action":{"type":"block"},"condition":{"resourceTypes":["image"],"urlFilter":"||media.tangosix.rs/*/banner."},"id":44,"priority":10},
{"action":{"type":"block"},"condition":{"resourceTypes":["image"],"urlFilter":"||infovranjske.rs/ads^"},"id":45,"priority":10},
{"action":{"type":"block"},"condition":{"resourceTypes":["image"],"urlFilter":"||arhivanalitika.hr/*/uploads/*/icam_*x"},"id":46,"priority":10},
{"action":{"type":"block"},"condition":{"resourceTypes":["image"],"urlFilter":"||arhivanalitika.hr/*/uploads/*/bon.hr-*x"},"id":47,"priority":10},
{"action":{"type":"block"},"condition":{"resourceTypes":["image"],"urlFilter":"/image/baneri^"},"id":48,"priority":10},
{"action":{"type":"block"},"condition":{"resourceTypes":["script"],"urlFilter":"||sultanovic.net/?*%"},"id":49,"priority":10},
{"action":{"type":"block"},"condition":{"initiatorDomains":["sportske.net"],"requestDomains":["betwidget.admiralbet.rs"],"resourceTypes":["sub_frame"]},"id":50,"priority":10},
{"action":{"type":"block"},"condition":{"requestDomains":["klik-slider.morgancode.com"],"resourceTypes":["sub_frame"]},"id":51,"priority":10},
{"action":{"type":"block"},"condition":{"domainType":"thirdParty","requestDomains":["a.mabipa.com","avalaads.com","cxpublic.com","lupon.media","native.tportal.hr","subs.vingd.com","traffic.styria.hr","widget.admiral.hr"]},"id":52,"priority":10},
{"action":{"type":"block"},"condition":{"domainType":"thirdParty","requestDomains":["redakcija.alo.rs"],"resourceTypes":["image"]},"id":53,"priority":10},
{"action":{"type":"block"},"condition":{"domainType":"thirdParty","initiatorDomains":["slobodnadalmacija.hr","tportal.hr"],"resourceTypes":["script"],"urlFilter":"|https://html-load.com^"},"id":54,"priority":10},
{"action":{"type":"block"},"condition":{"domainType":"thirdParty","resourceTypes":["sub_frame"],"urlFilter":"||widget.halooglasi.com/nekretnine.html"},"id":55,"priority":10},
{"action":{"type":"allow"},"condition":{"resourceTypes":["sub_frame"],"urlFilter":"||ads.api.24ur.si/adserver/adblock."},"id":56,"priority":30}
]
