[
{
 "action": {
  "responseHeaders": [
   {
    "header": "content-security-policy",
    "operation": "append",
    "value": "script-src 'self' * 'unsafe-eval'"
   }
  ],
  "type": "modifyHeaders"
 },
 "condition": {
  "requestDomains": [
   "chinanewsx.com",
   "zoukankan.com"
  ],
  "resourceTypes": [
   "main_frame",
   "sub_frame"
  ]
 },
 "id": 6368
},
{
 "action": {
  "responseHeaders": [
   {
    "header": "content-security-policy",
    "operation": "append",
    "value": "script-src 'self' * 'unsafe-inline'"
   }
  ],
  "type": "modifyHeaders"
 },
 "condition": {
  "requestDomains": [
   "anixwallpaper.com",
   "hugo3c.tw"
  ],
  "resourceTypes": [
   "main_frame",
   "sub_frame"
  ]
 },
 "id": 6369
},
{
 "action": {
  "responseHeaders": [
   {
    "header": "content-security-policy",
    "operation": "append",
    "value": "script-src"
   }
  ],
  "type": "modifyHeaders"
 },
 "condition": {
  "requestDomains": [
   "57577.live"
  ],
  "resourceTypes": [
   "main_frame",
   "sub_frame"
  ]
 },
 "id": 6370
},
{
 "action": {
  "responseHeaders": [
   {
    "header": "content-security-policy",
    "operation": "append",
    "value": "script-src"
   }
  ],
  "type": "modifyHeaders"
 },
 "condition": {
  "resourceTypes": [
   "main_frame",
   "sub_frame"
  ],
  "urlFilter": ".html?android=hx*&_"
 },
 "id": 6371
},
{
 "action": {
  "responseHeaders": [
   {
    "header": "content-security-policy",
    "operation": "append",
    "value": "script-src"
   }
  ],
  "type": "modifyHeaders"
 },
 "condition": {
  "resourceTypes": [
   "main_frame",
   "sub_frame"
  ],
  "urlFilter": ".xyz/?channelcode="
 },
 "id": 6372
},
{
 "action": {
  "responseHeaders": [
   {
    "header": "content-security-policy",
    "operation": "append",
    "value": "script-src"
   }
  ],
  "type": "modifyHeaders"
 },
 "condition": {
  "resourceTypes": [
   "main_frame",
   "sub_frame"
  ],
  "urlFilter": "/dayu2.html?channelcode="
 },
 "id": 6373
},
{
 "action": {
  "responseHeaders": [
   {
    "header": "content-security-policy",
    "operation": "append",
    "value": "script-src"
   }
  ],
  "type": "modifyHeaders"
 },
 "condition": {
  "resourceTypes": [
   "main_frame",
   "sub_frame"
  ],
  "urlFilter": "://*:*/chunyu.html?k="
 },
 "id": 6374
},
{
 "action": {
  "responseHeaders": [
   {
    "header": "content-security-policy",
    "operation": "append",
    "value": "script-src"
   }
  ],
  "type": "modifyHeaders"
 },
 "condition": {
  "resourceTypes": [
   "main_frame",
   "sub_frame"
  ],
  "urlFilter": "://*:*/yeyue.html?k="
 },
 "id": 6375
}
]
