[
{"action":{"responseHeaders":[{"header":"content-security-policy","operation":"append","value":"script-src"}],"type":"modifyHeaders"},"condition":{"resourceTypes":["main_frame","sub_frame"],"urlFilter":"||24click.*/top/"},"id":1},
{"action":{"responseHeaders":[{"header":"content-security-policy","operation":"append","value":"sandbox allow-same-origin;"}],"type":"modifyHeaders"},"condition":{"requestDomains":["azbne.net","betnetmed.advertserve.com","driverpack.io","driverpaksolution.ru","exoclick.com","statusklic.info","syndication.exosrv.com","utarget.ru"],"resourceTypes":["main_frame","sub_frame"]},"id":2},
{"action":{"responseHeaders":[{"header":"content-security-policy","operation":"append","value":"default-src 'unsafe-inline'"}],"type":"modifyHeaders"},"condition":{"excludedInitiatorDomains":["gzip.softoroom.org","m.softoroom.org"],"resourceTypes":["main_frame","sub_frame"],"urlFilter":".softoroom.org^"},"id":3},
{"action":{"responseHeaders":[{"header":"content-security-policy","operation":"append","value":"connect-src 'self'; script-src https://d3ward.github.io/toolz/js/adblock.js"}],"type":"modifyHeaders"},"condition":{"resourceTypes":["main_frame","sub_frame"],"urlFilter":"||d3ward.github.io/toolz/adblock"},"id":4},
{"action":{"responseHeaders":[{"header":"content-security-policy","operation":"append","value":"script-src 'unsafe-inline' 'unsafe-eval' opensharing.org/img/"}],"type":"modifyHeaders"},"condition":{"resourceTypes":["main_frame","sub_frame"],"urlFilter":"||opensharing.org/img/images/"},"id":5},
{"action":{"responseHeaders":[{"header":"content-security-policy","operation":"append","value":"script-src 'self'"}],"type":"modifyHeaders"},"condition":{"requestDomains":["adblock-tester.com","checkadblock.ru"],"resourceTypes":["main_frame","sub_frame"]},"id":6},
{"action":{"responseHeaders":[{"header":"content-security-policy","operation":"append","value":"script-src 'self' 'unsafe-inline' 'unsafe-eval' blob: data: *.addtoany.com *.amazonaws.com *.cloudflare.com *.dmca.com *.disqus.com *.disquscdn.com *.facebook.com *.getsitecontrol.com apis.google.com cse.google.com *.google.com/cse/ *.google.com/complete/ *.google.com/recaptcha/ translate.google.com www.google.com *.googleapis.com *.googletagmanager.com *.gstatic.com/recaptcha/ *.instagram.com *.jivosite.com *.jquery.com *.keycaptcha.com *.sendpulse.com *.sharethis.com *.po.st *.threadloom.com *.tiktok.com *.trustpilot.com *.twitter.com vk.com www.youtube.com *.dev *.io *.net *.org *.ru *.ua"}],"type":"modifyHeaders"},"condition":{"initiatorDomains":["agroter.com.ua","alensat.com","allbasketball.org","askentire.net","autonews.co.ua","autosoftos.com","babla.ru","bio-lessons.ru","cardiagram.com.ua","clickthis.blog","coollib.net","elegantwoman.kyiv.ua","eurointegration.com.ua","farposst.ru","findhow.org","gazeta-misto.te.ua","golos.te.ua","icon-icons.com","ilenta.com","index.minfin.com.ua","inforesist.org","kovelpost.com","kreschatic.kiev.ua","kurs.com.ua","life.pravda.com.ua","mirlib.ru","modfix.ru","musinfo.net","ontvtime.ru","orbit-games.com","pb-news.info","perpendicular.pro","pes-files.ru","pingvin.pro","poezdato.net","poizdato.net","pravda.com.ua","ruboard.website","skidkaonline.ru","sundries.ua","tenews.org.ua","ternopillive.com","tribun.com.ua","uapress.kyiv.ua","valorantinfo.com","vesti-ua.net","vkazivka.com","wallpapershome.ru","xn--80aaukc.xn--j1amh"],"resourceTypes":["main_frame","sub_frame"]},"id":7},
{"action":{"responseHeaders":[{"header":"content-security-policy","operation":"append","value":"media-src 'self'"}],"type":"modifyHeaders"},"condition":{"excludedInitiatorDomains":["vp.rambler.ru"],"initiatorDomains":["championat.com","gazeta.ru","lenta.ru","rambler.ru","secretmag.ru","wmj.ru"],"resourceTypes":["main_frame","sub_frame"],"urlFilter":"||vp.rambler.ru/player/"},"id":8},
{"action":{"responseHeaders":[{"header":"content-security-policy","operation":"append","value":"script-src-attr 'none'"}],"type":"modifyHeaders"},"condition":{"initiatorDomains":["volyn.com.ua"],"resourceTypes":["main_frame","sub_frame"]},"id":9},
{"action":{"responseHeaders":[{"header":"content-security-policy","operation":"append","value":"script-src"}],"type":"modifyHeaders"},"condition":{"requestDomains":["ex.24smi.info","folltiz.site","idealmedia.io","news-sphere.com","t1mcapp.com","tdsclicks2.ru","utarget.ru","yadistr.ru"],"resourceTypes":["main_frame","sub_frame"]},"id":10},
{"action":{"responseHeaders":[{"header":"content-security-policy","operation":"append","value":"script-src 'unsafe-inline' 'unsafe-eval' data: https://forums.rusmedserv.com/clientscript/ cse.google.com *.google.com/cse/ *.googleapis.com"}],"type":"modifyHeaders"},"condition":{"resourceTypes":["main_frame","sub_frame"],"urlFilter":"||forums.rusmedserv.com/"},"id":11},
{"action":{"responseHeaders":[{"header":"content-security-policy","operation":"append","value":"script-src"}],"type":"modifyHeaders"},"condition":{"resourceTypes":["main_frame","sub_frame"],"urlFilter":".infox.sg^"},"id":5829},
{"action":{"responseHeaders":[{"header":"content-security-policy","operation":"append","value":"script-src"}],"type":"modifyHeaders"},"condition":{"resourceTypes":["main_frame","sub_frame"],"urlFilter":"/gateway/ahr0c"},"id":5830},
{"action":{"responseHeaders":[{"header":"content-security-policy","operation":"append","value":"frame-src 'self'"},{"header":"content-security-policy","operation":"append","value":"script-src 'self' 'unsafe-inline' 'unsafe-eval' static.fastpic.org"}],"type":"modifyHeaders"},"condition":{"resourceTypes":["main_frame","sub_frame"],"urlFilter":"|http*//fastpic.org/"},"id":5832},
{"action":{"responseHeaders":[{"header":"content-security-policy","operation":"append","value":"script-src"}],"type":"modifyHeaders"},"condition":{"resourceTypes":["main_frame","sub_frame"],"urlFilter":"||24smi-*/top/"},"id":5833},
{"action":{"responseHeaders":[{"header":"content-security-policy","operation":"append","value":"script-src"}],"type":"modifyHeaders"},"condition":{"resourceTypes":["main_frame","sub_frame"],"urlFilter":"||24smi.*/top/"},"id":5834},
{"action":{"responseHeaders":[{"header":"content-security-policy","operation":"append","value":"script-src"}],"type":"modifyHeaders"},"condition":{"resourceTypes":["main_frame","sub_frame"],"urlFilter":"||24top.*/top/"},"id":5835},
{"action":{"responseHeaders":[{"header":"content-security-policy","operation":"append","value":"script-src"}],"type":"modifyHeaders"},"condition":{"resourceTypes":["main_frame","sub_frame"],"urlFilter":"||an.yandex.ru/count/"},"id":5838},
{"action":{"responseHeaders":[{"header":"content-security-policy","operation":"append","value":"sandbox allow-same-origin;"}],"type":"modifyHeaders"},"condition":{"resourceTypes":["main_frame","sub_frame"],"urlFilter":"||crossout.net/*free?*&r="},"id":5847},
{"action":{"responseHeaders":[{"header":"content-security-policy","operation":"append","value":"script-src"}],"type":"modifyHeaders"},"condition":{"resourceTypes":["main_frame","sub_frame"],"urlFilter":"||drive.google.com/file/d/1vmzdhlb_-dcnbtubkfqpnnvsep_2gnsy/"},"id":5849},
{"action":{"responseHeaders":[{"header":"content-security-policy","operation":"append","value":"img-src 'self' addons.mozilla.org raw.githubusercontent.com"}],"type":"modifyHeaders"},"condition":{"resourceTypes":["main_frame","sub_frame"],"urlFilter":"||forum.ru-board.com/*.cgi?*=5&topic=51141"},"id":5853},
{"action":{"responseHeaders":[{"header":"content-security-policy","operation":"append","value":"sandbox allow-same-origin;"}],"type":"modifyHeaders"},"condition":{"resourceTypes":["main_frame","sub_frame"],"urlFilter":"||gdz-ru.work/subscribe/"},"id":5854},
{"action":{"responseHeaders":[{"header":"content-security-policy","operation":"append","value":"sandbox allow-same-origin;"}],"type":"modifyHeaders"},"condition":{"resourceTypes":["main_frame","sub_frame"],"urlFilter":"||hawk.live/"},"id":5856},
{"action":{"responseHeaders":[{"header":"content-security-policy","operation":"append","value":"sandbox allow-same-origin;"}],"type":"modifyHeaders"},"condition":{"resourceTypes":["main_frame","sub_frame"],"urlFilter":"||lis-gor.com/"},"id":5862},
{"action":{"responseHeaders":[{"header":"content-security-policy","operation":"append","value":"script-src 'unsafe-eval' data:"}],"type":"modifyHeaders"},"condition":{"resourceTypes":["main_frame","sub_frame"],"urlFilter":"||modsfire.com/download/*/"},"id":5865},
{"action":{"responseHeaders":[{"header":"content-security-policy","operation":"append","value":"frame-src 'self'"}],"type":"modifyHeaders"},"condition":{"resourceTypes":["main_frame","sub_frame"],"urlFilter":"||nsportal.ru/download/"},"id":5868},
{"action":{"responseHeaders":[{"header":"content-security-policy","operation":"append","value":"script-src 'self' * blob: data:"}],"type":"modifyHeaders"},"condition":{"requestDomains":["psysovet24.ru"],"resourceTypes":["main_frame","sub_frame"]},"id":5872},
{"action":{"responseHeaders":[{"header":"content-security-policy","operation":"append","value":"media-src 'none'"}],"type":"modifyHeaders"},"condition":{"requestDomains":["smartmama.com.ua"],"resourceTypes":["main_frame","sub_frame"]},"id":5874},
{"action":{"responseHeaders":[{"header":"content-security-policy","operation":"append","value":"script-src 'self' 'unsafe-inline' 'unsafe-eval' i.li.ru"}],"type":"modifyHeaders"},"condition":{"resourceTypes":["main_frame","sub_frame"],"urlFilter":"||www.liveinternet.ru/|"},"id":5880},
{"action":{"responseHeaders":[{"header":"content-security-policy","operation":"append","value":"frame-src 'self' *.ukr.net *.sinoptik.ua kinoafisha.ua *.twitter.com *.google.com"}],"type":"modifyHeaders"},"condition":{"requestDomains":["www.ukr.net"],"resourceTypes":["main_frame","sub_frame"]},"id":5881},
{"action":{"responseHeaders":[{"header":"content-security-policy","operation":"append","value":"connect-src"}],"type":"modifyHeaders"},"condition":{"resourceTypes":["main_frame","sub_frame"],"urlFilter":"||yandex.ru/turbo?text=https*fishki.net"},"id":5882},
{"action":{"responseHeaders":[{"header":"content-security-policy","operation":"append","value":"script-src"}],"type":"modifyHeaders"},"condition":{"resourceTypes":["main_frame","sub_frame"],"urlFilter":"||yandex.ru/mapuid/"},"id":5883},
{"action":{"responseHeaders":[{"header":"content-security-policy","operation":"append","value":"connect-src 'self' *.ukr.net *.fwdcdn.com"}],"type":"modifyHeaders"},"condition":{"requestDomains":["mail.ukr.net"],"resourceTypes":["main_frame","sub_frame"]},"id":5884}
]
