[
{
 "action": {
  "responseHeaders": [
   {
    "header": "content-security-policy",
    "operation": "append",
    "value": "script-src 'self' 'unsafe-inline' https:"
   }
  ],
  "type": "modifyHeaders"
 },
 "condition": {
  "requestDomains": [
   "phimhdc.wiki"
  ],
  "resourceTypes": [
   "main_frame",
   "sub_frame"
  ]
 },
 "id": 1
},
{
 "action": {
  "responseHeaders": [
   {
    "header": "content-security-policy",
    "operation": "append",
    "value": "script-src 'self' 'unsafe-inline' http: https:"
   }
  ],
  "type": "modifyHeaders"
 },
 "condition": {
  "requestDomains": [
   "www.iosviet.com"
  ],
  "resourceTypes": [
   "main_frame",
   "sub_frame"
  ]
 },
 "id": 2
},
{
 "action": {
  "responseHeaders": [
   {
    "header": "content-security-policy",
    "operation": "append",
    "value": "script-src 'self' 'unsafe-inline'"
   }
  ],
  "type": "modifyHeaders"
 },
 "condition": {
  "requestDomains": [
   "cliphot69.asia",
   "truyen4u.pro"
  ],
  "resourceTypes": [
   "main_frame",
   "sub_frame"
  ]
 },
 "id": 3
},
{
 "action": {
  "responseHeaders": [
   {
    "header": "content-security-policy",
    "operation": "append",
    "value": "script-src self * data:* 'unsafe-inline'"
   }
  ],
  "type": "modifyHeaders"
 },
 "condition": {
  "requestDomains": [
   "ungtycomicsday.com"
  ],
  "resourceTypes": [
   "main_frame",
   "sub_frame"
  ]
 },
 "id": 4
},
{
 "action": {
  "responseHeaders": [
   {
    "header": "content-security-policy",
    "operation": "append",
    "value": "script-src 'self' 'unsafe-eval'"
   }
  ],
  "type": "modifyHeaders"
 },
 "condition": {
  "requestDomains": [
   "sexdiaryx.live"
  ],
  "resourceTypes": [
   "main_frame",
   "sub_frame"
  ]
 },
 "id": 5
},
{
 "action": {
  "responseHeaders": [
   {
    "header": "content-security-policy",
    "operation": "append",
    "value": "script-src data: blob: * 'self' 'unsafe-inline'"
   }
  ],
  "type": "modifyHeaders"
 },
 "condition": {
  "requestDomains": [
   "baomoi.com"
  ],
  "resourceTypes": [
   "main_frame",
   "sub_frame"
  ]
 },
 "id": 343
},
{
 "action": {
  "responseHeaders": [
   {
    "header": "content-security-policy",
    "operation": "append",
    "value": "script-src data: 'self' 'unsafe-inline' http: https:"
   }
  ],
  "type": "modifyHeaders"
 },
 "condition": {
  "requestDomains": [
   "huongdanjava.com"
  ],
  "resourceTypes": [
   "main_frame",
   "sub_frame"
  ]
 },
 "id": 344
},
{
 "action": {
  "responseHeaders": [
   {
    "header": "content-security-policy",
    "operation": "append",
    "value": "script-src 'self' 'unsafe-inline' data: https:"
   }
  ],
  "type": "modifyHeaders"
 },
 "condition": {
  "requestDomains": [
   "taoanhdep.com"
  ],
  "resourceTypes": [
   "main_frame",
   "sub_frame"
  ]
 },
 "id": 345
},
{
 "action": {
  "responseHeaders": [
   {
    "header": "content-security-policy",
    "operation": "append",
    "value": "script-src 'self' 'unsafe-inline' http"
   }
  ],
  "type": "modifyHeaders"
 },
 "condition": {
  "requestDomains": [
   "mangadm.cc"
  ],
  "resourceTypes": [
   "main_frame",
   "sub_frame"
  ]
 },
 "id": 346
}
]
