[
{"action":{"type":"block"},"condition":{"urlFilter":"/creame-whatsapp-me/public/js/joinchat.min.js"},"id":1,"priority":10},
{"action":{"type":"block"},"condition":{"urlFilter":"/wp-content/plugins/click-to-chat-for-whatsapp/"},"id":2,"priority":10},
{"action":{"type":"block"},"condition":{"urlFilter":"://webim.*/button.js"},"id":3,"priority":10},
{"action":{"type":"block"},"condition":{"urlFilter":"://webim.*/button.php"},"id":4,"priority":10},
{"action":{"type":"block"},"condition":{"initiatorDomains":["casbin.org"],"requestDomains":["ai.casbin.com"]},"id":5,"priority":10},
{"action":{"type":"block"},"condition":{"urlFilter":"||today.com/oli/"},"id":6,"priority":10},
{"action":{"type":"block"},"condition":{"urlFilter":"||3cx.com/livechat/"},"id":7,"priority":10},
{"action":{"type":"block"},"condition":{"urlFilter":"||app.mymaisie.com/static/chatbot-component/"},"id":8,"priority":10},
{"action":{"type":"block"},"condition":{"urlFilter":"||cdn.asksuite.com/infochat.js"},"id":9,"priority":10},
{"action":{"type":"block"},"condition":{"urlFilter":"||cdn.shopify.com/extensions/*/assets/inbox-chat-loader.js"},"id":10,"priority":10},
{"action":{"type":"block"},"condition":{"urlFilter":"||chatbase.co/embed.min.js"},"id":11,"priority":10},
{"action":{"type":"block"},"condition":{"urlFilter":"||cloudfront.net/gosquared.js"},"id":12,"priority":10},
{"action":{"type":"block"},"condition":{"urlFilter":"||connect.facebook.net^*/xfbml.customerchat.js"},"id":13,"priority":10},
{"action":{"type":"block"},"condition":{"urlFilter":"||contivio.com/chat2/"},"id":14,"priority":10},
{"action":{"type":"block"},"condition":{"urlFilter":"||engage.wixapps.net/chat-widget-server/"},"id":15,"priority":10},
{"action":{"type":"block"},"condition":{"urlFilter":"||fcc-online.pl/chat/"},"id":16,"priority":10},
{"action":{"type":"block"},"condition":{"urlFilter":"||gladly.com/chat-sdk/"},"id":17,"priority":10},
{"action":{"type":"block"},"condition":{"urlFilter":"||googleapis.com/ebbot-web/"},"id":18,"priority":10},
{"action":{"type":"block"},"condition":{"urlFilter":"||gstatic.com/dialogflow-console/fast/messenger/"},"id":19,"priority":10},
{"action":{"type":"block"},"condition":{"urlFilter":"||hubspot.com/livechat-public/"},"id":20,"priority":10},
{"action":{"type":"block"},"condition":{"urlFilter":"||iadvize.com/iadvize.js"},"id":21,"priority":10},
{"action":{"type":"block"},"condition":{"urlFilter":"||my.salesforce.com/embeddedservice/"},"id":22,"priority":10},
{"action":{"type":"block"},"condition":{"urlFilter":"||phenompeople.com/txm-bot/prod/prod.js"},"id":23,"priority":10},
{"action":{"type":"block"},"condition":{"urlFilter":"||predu.sk/chat/chat.js"},"id":24,"priority":10},
{"action":{"type":"block"},"condition":{"urlFilter":"||shopify.com^*/shopifychatv1.js"},"id":25,"priority":10},
{"action":{"type":"block"},"condition":{"urlFilter":"||storage.googleapis.com/code.snapengage.com/"},"id":26,"priority":10},
{"action":{"type":"block"},"condition":{"urlFilter":"||usemessages.com/conversations-embed.js"},"id":27,"priority":10},
{"action":{"type":"block"},"condition":{"urlFilter":"||userback.io/widget/"},"id":28,"priority":10},
{"action":{"type":"block"},"condition":{"urlFilter":"||userlike-cdn-widgets.*.amazonaws.com^"},"id":29,"priority":10},
{"action":{"type":"block"},"condition":{"urlFilter":"||web.pypestream.com/launcher.js"},"id":30,"priority":10},
{"action":{"type":"block"},"condition":{"urlFilter":"||widgetinstall.com/plugin/chat.js"},"id":31,"priority":10},
{"action":{"type":"block"},"condition":{"urlFilter":"||widgets.binotel.com/chat/"},"id":32,"priority":10},
{"action":{"type":"block"},"condition":{"urlFilter":"||widgets.binotel.com/getcall/"},"id":33,"priority":10},
{"action":{"type":"block"},"condition":{"requestDomains":["assistant.almaintelligence.com","call.chatra.io","chat-widget.hiverhq.com","chatbot.pef.czu.cz","lptag-cdn.liveperson.net","lptag.liveperson.net","pageview.activengage.com","webchat.omni.cafe","widget.chatbot.laiye.com","widget.helpcrunch.com","widget.intercom.io","widget.kommunicate.io","widget.trengo.eu","widgets.leadconnectorhq.com"]},"id":34,"priority":10},
{"action":{"type":"block"},"condition":{"initiatorDomains":["vitbikes.de"],"resourceTypes":["script"],"urlFilter":"||embed.typeform.com/next/embed.js"},"id":35,"priority":10},
{"action":{"type":"block"},"condition":{"domainType":"thirdParty","requestDomains":["247-inc.net","24nettbutikk.chat","3cx.uk","acquire.io","alive5.com","alo-tech.com","apex.live","api.botsonic.ai","app.chaport.com","app.chatplus.jp","astutebot.com","awhy.it","birdeye.com","boldchat.com","bot.leadoo.com","botgenes.org","botmind.io","botsrv2.com","callpage.io","carchat24.com","carrotquest.io","cbot.ai","chat.broadly.com","chat.gosquared.com","chat.octadesk.services","chatbot.com","chatbro.com","chatdealer.jp","chatway.app","chatwoot.on-mail.ru","cibbot.com","cliengo.com","clientchatlive.com","clients.streamwood.ru","console.rul.ai","conversationalsdevelopment.nl","conversiobot.com","craft-talk.com","crall.io","daktela.com","echatsys.com","embed.simplifeye.co","engagebay.com","enquirybot.com","evidence.io","external.airport.ai","freshchat.com","getrisk.info","globalbot.ai","goftino.com","gorgias.chat","gs-chat.com","gso.amocrm.com","gubagoo.io","happyfox.com","helpscout.net","igetresponse.chat","inteliwise.com","intelliticks.com","intercomcdn.com","jivosite.com","landbot.io","lcmagentportal.appspot.com","leadback.ru","leadbooster-chat.pipedrive.com","leadgenic.ru","live2support.com","livehelpnow.net","me-talk.ru","melibo.de","messenger.customerly.io","mindbehind.com","mobilemonkey.com","mylivechat.com","neurologic.com.br","nice-incontact.com","ocelotbot.com","olark.com","ommi-prod-widget.web.app","onlim.com","onwebchat.com","personaclick.com","phplivesupport.com","podium.com","production.raptive.ai","purechat.com","qualified.com","quicktext.im","raychat.io","readyplanet.com","reamaze.com","replain.cc","richpanel.com","salesforceliveagent.com","salesiq.zoho.com","sendinblue.com","service.force.com","serviceform.com","smart.generaxion.fi","smartarget.online","smartsuppcdn.com","smartsuppchat.com","smith.ai","smooch.io","snapengage.com","snapsmedia.io","st.chatango.com","stadtwerk.bot","talkative-cdn.com","tawk.to","thankful.ai","thelivechatsoftware.com","tidio.co","tidiochat.com","twilio.com","unibuddy.co","userbot.ai","userway.org","vergic.com","visitor.chat","web-chat.global.assistant.watson.appdomain.cloud","web.kodabots.com","webim.ru","widget.insent.ai","widget.moin.ai","widget.screets.io","widget.superchat.de","widget.writesonic.com","worldchatbox.worldfone.vn","yellowmessenger.com","zammo.ai","zopim.com","zyratalk.com"]},"id":36,"priority":10},
{"action":{"type":"block"},"condition":{"domainType":"thirdParty","urlFilter":"||boost.ai/chatpanel/"},"id":37,"priority":10},
{"action":{"type":"block"},"condition":{"domainType":"thirdParty","excludedResourceTypes":["image","main_frame"],"requestDomains":["crisp.chat"]},"id":38,"priority":10},
{"action":{"type":"block"},"condition":{"domainType":"thirdParty","excludedInitiatorDomains":["paloaltonetworks.com"],"requestDomains":["driftt.com"]},"id":39,"priority":10},
{"action":{"type":"block"},"condition":{"domainType":"thirdParty","excludedInitiatorDomains":["zoho.com","zoho.eu","zoho.in","zohoshowtime.com"],"urlFilter":"||js.zohocdn.com/ichat/"},"id":40,"priority":10},
{"action":{"type":"block"},"condition":{"domainType":"thirdParty","excludedInitiatorDomains":["zoho.com","zoho.eu","zoho.in","zohoshowtime.com"],"urlFilter":"||js.zohocdn.com/salesiq/js/floatbutton1_"},"id":41,"priority":10},
{"action":{"type":"block"},"condition":{"domainType":"thirdParty","urlFilter":"||ladesk.com/chat/"},"id":42,"priority":10},
{"action":{"type":"block"},"condition":{"domainType":"thirdParty","excludedInitiatorDomains":["direct.lc.chat"],"requestDomains":["livechatinc.com"]},"id":43,"priority":10},
{"action":{"type":"block"},"condition":{"domainType":"thirdParty","excludedInitiatorDomains":["livetex.github.io"],"requestDomains":["livetex.ru"]},"id":44,"priority":10},
{"action":{"type":"block"},"condition":{"domainType":"thirdParty","urlFilter":"||sprinklr.com/api/livechat/"},"id":45,"priority":10},
{"action":{"type":"block"},"condition":{"domainType":"thirdParty","urlFilter":"||supportai.yandex/widget/"},"id":46,"priority":10},
{"action":{"type":"block"},"condition":{"domainType":"thirdParty","urlFilter":"||zohopublic.com/watchws?"},"id":47,"priority":10},
{"action":{"type":"block"},"condition":{"domainType":"thirdParty","requestDomains":["components.justanswer.com"],"resourceTypes":["script"]},"id":48,"priority":10}
]
