[
{
 "action": {
  "type": "block"
 },
 "condition": {
  "domainType": "thirdParty",
  "excludedInitiatorDomains": [
   "0.0.0.0",
   "127.0.0.1",
   "[::1]",
   "[::]",
   "local",
   "localhost"
  ],
  "urlFilter": "[::1]^"
 },
 "id": 1,
 "priority": 10
},
{
 "action": {
  "type": "block"
 },
 "condition": {
  "domainType": "thirdParty",
  "excludedInitiatorDomains": [
   "0.0.0.0",
   "127.0.0.1",
   "[::1]",
   "[::]",
   "local",
   "localhost"
  ],
  "requestDomains": [
   "0.0.0.0",
   "airbox.home",
   "airport",
   "arcor.easybox",
   "aterm.me",
   "bthomehub.home",
   "bthub.home",
   "cloudmesh.net",
   "congstar.box",
   "connect.box",
   "console.gl-inet.com",
   "dishy.starlink.com",
   "easy.box",
   "etxr",
   "fire.walla",
   "fritz.box",
   "fritz.nas",
   "fritz.repeater",
   "giga.cube",
   "hi.link",
   "hitronhub.home",
   "home.arpa",
   "homerouter.cpe",
   "huaweimobilewifi.com",
   "internal",
   "kabel.box",
   "local",
   "localbattle.net",
   "localhost",
   "mobile.hotspot",
   "my.keenetic.net",
   "my.router",
   "myfritz.box",
   "mygateway",
   "ntt.setup",
   "pi.hole",
   "repeater.asus.com",
   "router.asus.com",
   "routerlogin.com",
   "routerlogin.net",
   "samsung.router",
   "speedport.ip",
   "steamloopback.host",
   "telstra.gateway",
   "tplinkap.net",
   "tplinkeap.net",
   "tplinkmodem.net",
   "tplinkplclogin.net",
   "tplinkrepeater.net",
   "tplinkwifi.net",
   "unifi",
   "unifi.localdomain",
   "web.setup",
   "web.setup.home"
  ]
 },
 "id": 2,
 "priority": 10
},
{
 "action": {
  "type": "block"
 },
 "condition": {
  "domainType": "thirdParty",
  "excludedInitiatorDomains": [
   "0.0.0.0",
   "127.0.0.1",
   "[::1]",
   "[::]",
   "local",
   "localhost"
  ],
  "urlFilter": "[::]^"
 },
 "id": 3,
 "priority": 10
},
{
 "action": {
  "type": "block"
 },
 "condition": {
  "domainType": "thirdParty",
  "excludedInitiatorDomains": [
   "0.0.0.0",
   "127.0.0.1",
   "[::1]",
   "[::]",
   "app.plex.tv",
   "local",
   "localhost"
  ],
  "requestDomains": [
   "plex.direct"
  ]
 },
 "id": 4,
 "priority": 10
},
{
 "action": {
  "type": "allow"
 },
 "condition": {
  "initiatorDomains": [
   "bayernportal.de",
   "bund.de",
   "client.foldingathome.org",
   "deutsche-rentenversicherung.de",
   "governikus.de",
   "intel.cn",
   "intel.co.id",
   "intel.co.jp",
   "intel.co.kr",
   "intel.com",
   "intel.com.br",
   "intel.com.tw",
   "intel.de",
   "intel.fr",
   "intel.la",
   "intel.vn",
   "mega.nz",
   "mv-serviceportal.de",
   "organspende-register.de"
  ],
  "requestDomains": [
   "127.0.0.1"
  ]
 },
 "id": 5,
 "priority": 30
},
{
 "action": {
  "type": "allow"
 },
 "condition": {
  "initiatorDomains": [
   "deutsche-rentenversicherung.de"
  ],
  "requestDomains": [
   "localhost"
  ]
 },
 "id": 6,
 "priority": 30
},
{
 "action": {
  "type": "allow"
 },
 "condition": {
  "initiatorDomains": [
   "battlelog.battlefield.com",
   "figma.com"
  ],
  "requestDomains": [
   "127.0.0.1"
  ],
  "resourceTypes": [
   "xmlhttprequest"
  ]
 },
 "id": 7,
 "priority": 30
},
{
 "action": {
  "type": "allow"
 },
 "condition": {
  "initiatorDomains": [
   "www.faceit.com"
  ],
  "requestDomains": [
   "localhost"
  ],
  "resourceTypes": [
   "websocket"
  ]
 },
 "id": 8,
 "priority": 30
},
{
 "action": {
  "type": "allow"
 },
 "condition": {
  "domainType": "thirdParty",
  "initiatorDomains": [
   "musicbrainz.org"
  ],
  "requestDomains": [
   "127.0.0.1"
  ]
 },
 "id": 9,
 "priority": 30
}
]
