[
{"action":{"type":"block"},"condition":{"urlFilter":".com/bannery/"},"id":1,"priority":10},
{"action":{"type":"block"},"condition":{"urlFilter":".cz/ads/"},"id":2,"priority":10},
{"action":{"type":"block"},"condition":{"urlFilter":".cz/ban/"},"id":3,"priority":10},
{"action":{"type":"block"},"condition":{"urlFilter":".cz/banners/"},"id":4,"priority":10},
{"action":{"type":"block"},"condition":{"urlFilter":".cz/bannery_"},"id":5,"priority":10},
{"action":{"type":"block"},"condition":{"urlFilter":".cz/img/banner"},"id":6,"priority":10},
{"action":{"type":"block"},"condition":{"urlFilter":".etargetnet."},"id":7,"priority":10},
{"action":{"type":"block"},"condition":{"urlFilter":".sk/img/banner"},"id":8,"priority":10},
{"action":{"type":"block"},"condition":{"urlFilter":"/amalker/pos/mag_ads.js"},"id":9,"priority":10},
{"action":{"type":"block"},"condition":{"urlFilter":"/cron.php?rand="},"id":10,"priority":10},
{"action":{"type":"block"},"condition":{"urlFilter":"/emonitor."},"id":11,"priority":10},
{"action":{"type":"block"},"condition":{"urlFilter":"/komercni-sdeleni/"},"id":12,"priority":10},
{"action":{"type":"block"},"condition":{"urlFilter":"/push-ads."},"id":13,"priority":10},
{"action":{"type":"block"},"condition":{"urlFilter":"/reklama_"},"id":14,"priority":10},
{"action":{"type":"block"},"condition":{"urlFilter":"/reklamne-"},"id":15,"priority":10},
{"action":{"type":"block"},"condition":{"urlFilter":".war-forum.net/images/sh/"},"id":16,"priority":10},
{"action":{"type":"block"},"condition":{"urlFilter":"||1.im.cz/ad/gemius.js"},"id":17,"priority":10},
{"action":{"type":"block"},"condition":{"urlFilter":"||alkoholik.cz/zavislost/images/banners/"},"id":18,"priority":10},
{"action":{"type":"block"},"condition":{"urlFilter":"||bcastgw.livebox.cz/ta3_vod_com/"},"id":19,"priority":10},
{"action":{"type":"block"},"condition":{"urlFilter":"||cdr.cz/sites/default/files/_cdr_branding/branding.jpg"},"id":20,"priority":10},
{"action":{"type":"block"},"condition":{"urlFilter":"||cviceni-doma.cz/images/*banner"},"id":21,"priority":10},
{"action":{"type":"block"},"condition":{"urlFilter":"||diit.cz/sites/default/files/_cdr_branding/branding.jpg"},"id":22,"priority":10},
{"action":{"type":"block"},"condition":{"urlFilter":"||digitalnitelevize.cz/obrazky/reklamni_odkazy/"},"id":23,"priority":10},
{"action":{"type":"block"},"condition":{"urlFilter":"||espoluprace.cz/affiliate/"},"id":24,"priority":10},
{"action":{"type":"block"},"condition":{"urlFilter":"||fdb.cz/ad/"},"id":25,"priority":10},
{"action":{"type":"block"},"condition":{"urlFilter":"||filmporno.cz/media/banners/"},"id":26,"priority":10},
{"action":{"type":"block"},"condition":{"urlFilter":"||hcdukla.cz/adds/"},"id":27,"priority":10},
{"action":{"type":"block"},"condition":{"urlFilter":"||hcmotor.cz/adds/"},"id":28,"priority":10},
{"action":{"type":"block"},"condition":{"urlFilter":"||hcorli.cz/img/hokejcz/banner_hokejcz.png"},"id":29,"priority":10},
{"action":{"type":"block"},"condition":{"urlFilter":"||hd-forum.cz/images/banner/"},"id":30,"priority":10},
{"action":{"type":"block"},"condition":{"urlFilter":"||hd-forum.cz/images/sberbank.jpg"},"id":31,"priority":10},
{"action":{"type":"block"},"condition":{"urlFilter":"||heureka.cz/direct/bannery/"},"id":32,"priority":10},
{"action":{"type":"block"},"condition":{"urlFilter":"||im9.cz/*aukro"},"id":33,"priority":10},
{"action":{"type":"block"},"condition":{"urlFilter":"||img.cdnprg.webtea.cz/web/pozadi_webu_mc.jpg"},"id":34,"priority":10},
{"action":{"type":"block"},"condition":{"urlFilter":"||jiskra-benesov.cz/images/branding/"},"id":35,"priority":10},
{"action":{"type":"block"},"condition":{"urlFilter":"||jiskra-benesov.cz/webloader/jsloader-*.js"},"id":36,"priority":10},
{"action":{"type":"block"},"condition":{"urlFilter":"||js.tipcars.com/js/*/_view/amalker/amalker.js"},"id":37,"priority":10},
{"action":{"type":"block"},"condition":{"urlFilter":"||kurzy.cz/e/adv?"},"id":38,"priority":10},
{"action":{"type":"block"},"condition":{"urlFilter":"||img.kurzy.cz/og"},"id":39,"priority":10},
{"action":{"type":"block"},"condition":{"urlFilter":"||kurzy.cz/l/s_back.js"},"id":40,"priority":10},
{"action":{"type":"block"},"condition":{"urlFilter":"||img.kurzy.cz/block/"},"id":41,"priority":10},
{"action":{"type":"block"},"condition":{"urlFilter":"||lamer.cz/images/bg*.jpg"},"id":42,"priority":10},
{"action":{"type":"block"},"condition":{"urlFilter":"||letemsvetemapplem.eu/*/alzafeed_cached_js.php"},"id":43,"priority":10},
{"action":{"type":"block"},"condition":{"urlFilter":"||libise.eu/r/"},"id":44,"priority":10},
{"action":{"type":"block"},"condition":{"urlFilter":"||lphard.cz/images/banners/"},"id":45,"priority":10},
{"action":{"type":"block"},"condition":{"urlFilter":"||mamincinyrecepty.cz/images/banner"},"id":46,"priority":10},
{"action":{"type":"block"},"condition":{"urlFilter":"||mrk.cz/images/inz/"},"id":47,"priority":10},
{"action":{"type":"block"},"condition":{"urlFilter":"||pornuj.cz/files/ntva.php"},"id":48,"priority":10},
{"action":{"type":"block"},"condition":{"urlFilter":"||presentation.lmc.cz/aliance/"},"id":49,"priority":10},
{"action":{"type":"block"},"condition":{"urlFilter":"||prvnizpravy.cz/repository/banner"},"id":50,"priority":10},
{"action":{"type":"block"},"condition":{"urlFilter":"||romea.cz/images/servis/banner"},"id":51,"priority":10},
{"action":{"type":"block"},"condition":{"urlFilter":"||ronnie.cz/cache/bannery/"},"id":52,"priority":10},
{"action":{"type":"block"},"condition":{"urlFilter":"||sauto.cz/*/v1/xhr"},"id":53,"priority":10},
{"action":{"type":"block"},"condition":{"urlFilter":"||sbazar.cz/*/v1/xhr"},"id":54,"priority":10},
{"action":{"type":"block"},"condition":{"urlFilter":"||sktorrent.eu/torrent/interstitial.js"},"id":55,"priority":10},
{"action":{"type":"block"},"condition":{"urlFilter":"||stobklub.cz/images/banners/maintop.jpg"},"id":56,"priority":10},
{"action":{"type":"block"},"condition":{"urlFilter":"titulky.com/banaltr/"},"id":57,"priority":10},
{"action":{"type":"block"},"condition":{"urlFilter":"||uschovna.cz/branding"},"id":58,"priority":10},
{"action":{"type":"block"},"condition":{"urlFilter":"warcenter.cz/interstitial_fs.js"},"id":59,"priority":10},
{"action":{"type":"block"},"condition":{"urlFilter":"||wesa.cz/banner/"},"id":60,"priority":10},
{"action":{"type":"block"},"condition":{"initiatorDomains":["anglictina-maturita.cz","biologie-chemie.cz","ekonomie-ucetnictvi.cz","rozbor-dila.cz","rozbor-dila.eu","rozborknihy.cz","studijni-svet.cz"],"urlFilter":"/wp-content/plugins/wp-content-copy-protection/assets/js/script.min.js"},"id":61,"priority":10},
{"action":{"type":"block"},"condition":{"initiatorDomains":["anglictina-maturita.cz","biologie-chemie.cz","ekonomie-ucetnictvi.cz","rozbor-dila.cz","rozbor-dila.eu","rozborknihy.cz","studijni-svet.cz"],"urlFilter":"/wp-content/plugins/wp-content-copy-protection/assets/css/style.min.css"},"id":62,"priority":10},
{"action":{"type":"block"},"condition":{"urlFilter":"||zkouknito.cz/js/js.htmlad.js"},"id":63,"priority":10},
{"action":{"type":"block"},"condition":{"urlFilter":"||zvukarina.cz/forum/images/ostatni/"},"id":64,"priority":10},
{"action":{"type":"block"},"condition":{"urlFilter":"||autobazar.eu/__branding/"},"id":65,"priority":10},
{"action":{"type":"block"},"condition":{"urlFilter":"||bmwklub.sk/images/banners/"},"id":66,"priority":10},
{"action":{"type":"block"},"condition":{"urlFilter":"||flirtkontakt.sk/previews/banner*.jpg"},"id":67,"priority":10},
{"action":{"type":"block"},"condition":{"urlFilter":"||fony.sk/content/banners/"},"id":68,"priority":10},
{"action":{"type":"block"},"condition":{"initiatorDomains":["hnonline.sk"],"requestDomains":["fundingchoicesmessages.google.com"]},"id":69,"priority":10},
{"action":{"type":"block"},"condition":{"urlFilter":"||hojko.com/images/banner*.gif"},"id":70,"priority":10},
{"action":{"type":"block"},"condition":{"urlFilter":"||img.zoznam.sk/adimages/"},"id":71,"priority":10},
{"action":{"type":"block"},"condition":{"urlFilter":"||media.hnonline.sk/api/v1/hn-player/stripe"},"id":72,"priority":10},
{"action":{"type":"block"},"condition":{"urlFilter":"||mhdba.eu/banerova-reklama-animacia.gif"},"id":73,"priority":10},
{"action":{"type":"block"},"condition":{"urlFilter":"||michalovskespravy.sk/files/a57xq6rhr5uuzzyf.gif"},"id":74,"priority":10},
{"action":{"type":"block"},"condition":{"urlFilter":"||mojanitra.sk/banery/"},"id":75,"priority":10},
{"action":{"type":"block"},"condition":{"urlFilter":"||mojanitra.sk//images/banery/"},"id":76,"priority":10},
{"action":{"type":"block"},"condition":{"urlFilter":"||ourphorum.com/images/banner"},"id":77,"priority":10},
{"action":{"type":"block"},"condition":{"urlFilter":"||pricemania.sk/pictures/banners/"},"id":78,"priority":10},
{"action":{"type":"block"},"condition":{"urlFilter":"||pricemania.sk/pictures/campaigns/"},"id":79,"priority":10},
{"action":{"type":"block"},"condition":{"urlFilter":"programujte.com/img/pozadi_2024.jpg"},"id":80,"priority":10},
{"action":{"type":"block"},"condition":{"urlFilter":"||radia.sk/scripts/ads.js"},"id":81,"priority":10},
{"action":{"type":"block"},"condition":{"urlFilter":"||recycle.zoznam.sk/get.fcgi"},"id":82,"priority":10},
{"action":{"type":"block"},"condition":{"urlFilter":"||recycle-static.zoznam.sk/*.mp4"},"id":83,"priority":10},
{"action":{"type":"block"},"condition":{"urlFilter":"||rtvs.sk/bs/xml/vast.xml"},"id":84,"priority":10},
{"action":{"type":"block"},"condition":{"urlFilter":"||rtvs.sk/bs/xml/vmap.xml"},"id":85,"priority":10},
{"action":{"type":"block"},"condition":{"urlFilter":"||sector.sk/a/"},"id":86,"priority":10},
{"action":{"type":"block"},"condition":{"urlFilter":"||serialy.io/theme/json/episode.ad.etarget.php"},"id":87,"priority":10},
{"action":{"type":"block"},"condition":{"urlFilter":"||ta3.com/api/v1/livebox/video/"},"id":88,"priority":10},
{"action":{"type":"block"},"condition":{"urlFilter":"||zn.sk/galeria/"},"id":89,"priority":10},
{"action":{"type":"block"},"condition":{"requestDomains":["0af2a962b0102942d9a7df351b20be55.com","a.blesk.cz","a.centrum.cz","a.csfd.cz","a.denik.cz","adb.azet.sk","api-exponea.o2.cz","api-exponea.o2.sk","bannersector.sector.sk","bannery.ccb.cz","bannery.navratdoreality.cz","c.seznam.cz","cdn.cpex.cz","central-beta.mall.tv","central.mall.tv","image.sector.sk","liveagent.mobilbonus.cz","reklama.warforum.cz","report.seznamzpravy.cz","report.sport.cz","ssp.seznam.cz","stat.novinky.cz","stat.super.cz","tracker.cncenter.cz","videoad.cz"]},"id":90,"priority":10},
{"action":{"type":"block"},"condition":{"resourceTypes":["image"],"urlFilter":"||1.im.cz/ad/"},"id":91,"priority":10},
{"action":{"type":"block"},"condition":{"resourceTypes":["image"],"urlFilter":"||vascak.cz/data/img/adblock.png"},"id":92,"priority":10},
{"action":{"type":"block"},"condition":{"resourceTypes":["image"],"urlFilter":"||warforum.cz/ads/"},"id":93,"priority":10},
{"action":{"type":"block"},"condition":{"initiatorDomains":["idnes.cz"],"resourceTypes":["script"],"urlFilter":"||1gr.cz/js/uni/oldback/logo.png"},"id":94,"priority":10},
{"action":{"type":"block"},"condition":{"resourceTypes":["script"],"urlFilter":"||drbna.cz/templates/drbna-2019/modal/modal.js"},"id":95,"priority":10},
{"action":{"type":"block"},"condition":{"resourceTypes":["script"],"urlFilter":"||rfapi.digicon.cz/img/listovacky-cross/enigmaplus.cz.js"},"id":96,"priority":10},
{"action":{"type":"block"},"condition":{"resourceTypes":["script"],"urlFilter":"||funnyburger.sk/js/anti-theft-system.js"},"id":97,"priority":10},
{"action":{"type":"block"},"condition":{"resourceTypes":["script"],"urlFilter":"||waaw.*/js/script_33.10.js?16"},"id":98,"priority":10},
{"action":{"type":"block"},"condition":{"resourceTypes":["xmlhttprequest"],"urlFilter":"||cdn.dopc.cz/adb"},"id":99,"priority":10},
{"action":{"type":"block"},"condition":{"resourceTypes":["xmlhttprequest"],"urlFilter":"||mediatn.cms.nova.cz/robots.txt"},"id":100,"priority":10},
{"action":{"type":"block"},"condition":{"requestDomains":["motorkari.cz"],"resourceTypes":["sub_frame"]},"id":101,"priority":10},
{"action":{"type":"block"},"condition":{"resourceTypes":["sub_frame"],"urlFilter":"||radia.sk/_uputavky/"},"id":102,"priority":10},
{"action":{"type":"block"},"condition":{"resourceTypes":["main_frame"],"urlFilter":"||indian-tv.cz/uploads/"},"id":103,"priority":10},
{"action":{"type":"block"},"condition":{"domainType":"thirdParty","urlFilter":".livebox.cz/ta3_vod_com"},"id":104,"priority":10},
{"action":{"type":"block"},"condition":{"domainType":"thirdParty","urlFilter":"||graphics.stdout.cz/b:commercial"},"id":105,"priority":10},
{"action":{"type":"block"},"condition":{"domainType":"thirdParty","urlFilter":"||im9.cz/*/vyrobce/*background"},"id":106,"priority":10},
{"action":{"type":"block"},"condition":{"domainType":"thirdParty","urlFilter":"||storage.googleapis.com/adela-hb-platform.appspot.com/"},"id":107,"priority":10},
{"action":{"type":"block"},"condition":{"domainType":"thirdParty","initiatorDomains":["garaz.tv"],"urlFilter":"||firebasestorage.googleapis.com/v0/b/tivio-dev.appspot.com/*vast*.xml"},"id":108,"priority":10},
{"action":{"type":"block"},"condition":{"domainType":"thirdParty","urlFilter":"||kariera.zoznam.sk/?page=banner"},"id":109,"priority":10},
{"action":{"type":"block"},"condition":{"domainType":"thirdParty","urlFilter":"||login.dognet.sk/accounts/default1"},"id":110,"priority":10},
{"action":{"type":"block"},"condition":{"domainType":"thirdParty","initiatorDomains":["cas.sk"],"requestDomains":["predpredaj.zoznam.sk"]},"id":111,"priority":10},
{"action":{"type":"block"},"condition":{"domainType":"thirdParty","urlFilter":"||storage.googleapis.com/tivio-production.appspot.com/ads/"},"id":112,"priority":10},
{"action":{"type":"block"},"condition":{"domainType":"thirdParty","urlFilter":"||ticketportal.sk/carousels^"},"id":113,"priority":10},
{"action":{"type":"block"},"condition":{"domainType":"thirdParty","requestDomains":["001shop.cz","10.im.cz","a.cele.cz","ad.autobazar.cz","ad.citynet.cz","ad.czechia.com","ad.eva.cz","ad.seznam.cz","ad.surtep.cz","ad1.kde.cz","adexpert.cz","adform.net","ads.cars.cz","ads.esports.cz","adverts.cz","automodul.cz","ban.tipsport.cz","ban.tipsport.sk","banan.cz","banner.ifortuna.cz","banners.onebit.cz","chrek.stdout.cz","d.vvbox.cz","d.wedosas.net","data.itiscali.cz","decp.cmscore.cz","dev.youcan.cz","dot.idot.cz","ecigareta.eu","ehub.cz","fastshare.cloud","fastshare.cz","heureka.cz","heureka.sk","ibillboard.com","idvert.cz","imedia.cz","imr.sk","inclick.sk","inres.uspech.sk","intext.billboard.cz","intext.lookit.cz","intext.wdt.cz","megadarky.cz","mer.stdout.cz","mrezadosa.com","n.hyperinzerce.cz","netadvert.cz","netsuccess.sk","out-ng.sklik.cz","out.sklik.cz","partner.mrtns.eu","performax.cz","pizzamodena.cz","pohodo.sk","productads.cz","productads.sk","r.i0.cz","r2b2.cz","recycle-static.zoznam.sk","reklamy.s3.amazonaws.com","rival.cz","robene.sk","screechingstove.com","sda.online-systemy.cz","sda.un-42.com","titulky.com","trackad.cz","turbo.web2media.sk","viadata.store","xzone.cz","zachej.sk","zombiezone.cz","zumail.cz"]},"id":114,"priority":10},
{"action":{"type":"block"},"condition":{"resourceTypes":["script"],"urlFilter":"||eduself.sk/public/js/prebid-ads.js"},"id":115,"priority":40},
{"action":{"type":"allow"},"condition":{"urlFilter":"img.kurzy.cz/ban/ad_ads_advert_advertisement_adform_pub_300x250.png"},"id":116,"priority":30},
{"action":{"type":"allow"},"condition":{"urlFilter":"-reklama.cz"},"id":117,"priority":30},
{"action":{"type":"allow"},"condition":{"urlFilter":"||heureka.*/crossdomain.xml"},"id":118,"priority":30},
{"action":{"type":"allow"},"condition":{"urlFilter":"||heureka.*/direct/vyvoj-cen/"},"id":119,"priority":30},
{"action":{"type":"allow"},"condition":{"urlFilter":"||heureka.*/ocm/sdk.js"},"id":120,"priority":30},
{"action":{"type":"allow"},"condition":{"urlFilter":"||iboys.cz/advert-list.php"},"id":121,"priority":30},
{"action":{"type":"allow"},"condition":{"initiatorDomains":["nova.cz"],"urlFilter":"||static.cz.prg.cmestatic.com/static/cz/shared/js/advert.js"},"id":122,"priority":30},
{"action":{"type":"allow"},"condition":{"urlFilter":"||warforum.cz/ads.js"},"id":123,"priority":30},
{"action":{"type":"allow"},"condition":{"urlFilter":"||titulky.com/ads/titulky-ad-sidebar.js"},"id":124,"priority":30},
{"action":{"type":"allow"},"condition":{"urlFilter":"||ads.eduself.sk/_prebid.js"},"id":125,"priority":30},
{"action":{"type":"allow"},"condition":{"urlFilter":"||sledujserialy.to/theme/js/ads.js"},"id":126,"priority":30},
{"action":{"type":"allow"},"condition":{"resourceTypes":["image"],"urlFilter":"||opti.cz/wp-content/uploads/*/reklama_*.jpg"},"id":127,"priority":30},
{"action":{"type":"allow"},"condition":{"resourceTypes":["image"],"urlFilter":"||optika-opti.cz/wp-content/uploads/*/reklama_*.jpg"},"id":128,"priority":30},
{"action":{"type":"allow"},"condition":{"initiatorDomains":["decko.ceskatelevize.cz"],"resourceTypes":["script"],"urlFilter":"||decko.ceskatelevize.cz/cms/layouts/js/analytics.js"},"id":129,"priority":30},
{"action":{"type":"allow"},"condition":{"initiatorDomains":["titulky.com"],"resourceTypes":["script"],"urlFilter":"||netusers.cz/js/"},"id":130,"priority":30},
{"action":{"type":"allow"},"condition":{"resourceTypes":["xmlhttprequest"],"urlFilter":"||api.youradio.cz/v2/ads/preroll"},"id":131,"priority":30},
{"action":{"type":"allow"},"condition":{"initiatorDomains":["firmy.cz","garaz.cz","novinky.cz","sbazar.cz","seznam.cz","seznamzpravy.cz","sport.cz","stream.cz","super.cz"],"resourceTypes":["xmlhttprequest"],"urlFilter":".png"},"id":132,"priority":30},
{"action":{"type":"allow"},"condition":{"initiatorDomains":["sport.aktuality.sk"],"resourceTypes":["sub_frame"],"urlFilter":"||admedia.joj.sk/outstream/embed?iframe"},"id":133,"priority":30},
{"action":{"type":"allow"},"condition":{"domainType":"firstParty","requestDomains":["www.top-reklama.sk"]},"id":134,"priority":30}
]
