[
{"action":{"type":"block"},"condition":{"requestDomains":["24d.ir","a.reymit.ir","ad.technews-iran.com","adengine.telewebion.com","adexo.ir","adexofiles.ir","adivery.com","adnegah.net","adpulse.ir","adro.co","adro.ir","adrooz.com","ads.asset.aparat.com","ads.karzar.net","ads.safarme.ir","adsima.net","adskav.com","adtodate.ir","adtrace.io","adtrace.ir","adtrace.world","adverge.ir","advn.ir","adwised.com","adwisedfs.com","affili.ir","affiliate.malltina.com","affilio.ir","aitrades.com","amarfa.ir","amaroid.net","analyt.ir","analytic.magland.ir","analytics.asiatech.ir","analytics.eirib.ir","analytics.football360.ir","analytics.hostiran.net","analytics.irancell.ir","analytics.jeldnews.com","analytics.nastooh.ir","analytics.plaza.ir","analytics.telewebion.com","analytics.zoomit.ir","anetwork.ir","api.karpishe.com","apm.bama.ir","apptracking.irancell.ir","arongroups.co","artanlife.club","aryacoin.io","aryana.io","aryastake.io","axotrade.com","ayyaar.ir","backlink.ir","backority.ir","bahatoken.site","behinava.com","behtarinseo.ir","bemchain.io","binoads.ir","bixb.exchange","bixbcoin.com","bl9.ir","bnbmatrix.io","boorantech.com","bridge.link","cashback.takhfifan.com","cayot.ir","ccnnetwork.co","cdn.onesignal.com","chabok.io","chancx.io","chavosh.org","click.digiato.com","clickaval.com","clickyab.com","coinwallet.biz","congoro.com","congoro.ir","counter.mahanmusic.net","counter.toolsir.com","cryptoland.com","daartads.com","dagcoin.org","daneshin.ir","davedbux.ir","deema.agency","deemaagency.ir","deemanetwork.com","defigroups.com","denutility.com","dezhino.com","dsp.aparat.com","emway.ir","error-tracking.arvancloud.com","errortracking.snapp.site","excoino.com","facepop.org","falixa.com","farakav.com","farsbux.ir","fastclick.ir","frzss.com","geoip.imber.live","gpm.ltd","guhtoken.org","hantana.org","hoho.mobi","hutvtpbhvmae.com","intrack.ir","ipsite.ir","ir.mihanstore.net","irancloudmining.com","irancoinmine.com","jetbux.ir","kajads.com","kaprila.com","kingmoney.io","landyab.com","laqira.io","laxsson.com","leumia.io","linkfars.com","lnremmfpc.com","logapi.karbord.io","magnetadservices.com","mat-pnu.ir","mediaad.org","merita.ir","metrix.behtarino.com","metrix.ir","minepi.com","mitrarank.ir","mogo-crypto.net","mtabdil.com","mttcoin.com","my-pu.sh","najva.com","netbina.com","new-sentry.digikala.com","news-view-api.varzesh3.com","newswidget.net","nokontoken.com","offers.sapra.ir","on-click.ir","onclick.ir","orbitnetwork.net","oscaranimation.in","p30rank.ir","pantatec.ae","partclick.ir","pegah.tech","pelikan-network.ir","perlika.com","persia.exchange","persianrank.ir","phoenixad.io","phonroid.com","pooye-ads.com","popgozar.com","popina.ir","popland.info","popupdl.ir","popupme.net","popupplus.ir","promizer.com","propertiq.io","publica.ir","pushe.co","pushq.ir","puuush.me","quahl.com","radar.bayan.ir","rankirani.ir","rssbank.ir","sabaidea.cloud","sabavision.com","sanjagh.com","sanjagh.net","scripts-ads.s3.ir-thr-at1.arvanstorage.com","sendword.ir","sentry.alibaba.ir","sentry.cafebazaar.org","sentry.hamravesh.com","sentry.malltina.com","sentry.mci.dev","sentry.mielse.com","sentry.namava.ir","sentry.querastaff.ir","sentry.yektanet.tech","shamining.com","smartgalaxy.finance","soodland.com","spellads.com","spellpop.ir","statistics.iriborg.ir","statsfa.com","synchrobit.io","system-notify.app","tabligheirani.ir","talapop.ir","tapsell.ir","tastenfts.com","tavoos.net","tbli.ir","te1.ir","tinancefa.org","toppopup.com","track.mailerlite.com","tracker.digikala.com","tradergpt.ai","treenvest.com","triboon.net","unique.finance","unitedsolarinfinity.com","userfriendly.ir","usermap.net","utbyte.io","utop.ir","utopclick.com","vatanclick.ir","video-view-api.varzesh3.com","vidomusic.org","waykingroup.com","web.webpushs.com","wideads.com","wintap.io","xjs.lol","xmlx.lol","yekbux.com","yektanet.com","yelloadwise.ir","yoozbit.com","zarad.net","zarpop.com","zarpop.ir"]},"id":1,"priority":10},
{"action":{"type":"block"},"condition":{"urlFilter":"||k2cod.com/ip/show-ip"},"id":2,"priority":10},
{"action":{"type":"block"},"condition":{"urlFilter":"||k2cod.com/statistics/"},"id":3,"priority":10},
{"action":{"type":"block"},"condition":{"urlFilter":"||10.10.34."},"id":4,"priority":10},
{"action":{"type":"block"},"condition":{"urlFilter":"||rizy.ir/js/ads.js"},"id":5,"priority":10},
{"action":{"type":"block"},"condition":{"urlFilter":"||slideskin.ir/ads/pop.php^"},"id":6,"priority":10},
{"action":{"type":"block"},"condition":{"urlFilter":"||seyedrezabazyar.com/codetools/files/close-right-click.js"},"id":7,"priority":10},
{"action":{"type":"block"},"condition":{"excludedInitiatorDomains":["anaj.ir","salamatnews.com"],"requestDomains":["trustseal.e-rasaneh.ir"]},"id":8,"priority":10},
{"action":{"type":"block"},"condition":{"initiatorDomains":["airport.ir"],"requestDomains":["192.168.10.113"]},"id":9,"priority":10},
{"action":{"type":"block"},"condition":{"urlFilter":"||arzcenter.com/static/plugin/gtag.js^"},"id":10,"priority":10},
{"action":{"type":"block"},"condition":{"urlFilter":"||arga-mag.com/file/img/*.gif"},"id":11,"priority":10},
{"action":{"type":"block"},"condition":{"urlFilter":"||arga-mag.com/wp-content/plugins/meks-easy-ads-widget^"},"id":12,"priority":10},
{"action":{"type":"block"},"condition":{"urlFilter":"||alef.ir/files/advertise^"},"id":13,"priority":10},
{"action":{"type":"block"},"condition":{"urlFilter":"||alef.ir/assets/*/jquery.visit.js^"},"id":14,"priority":10},
{"action":{"type":"block"},"condition":{"urlFilter":"||alef.ir/news/visit.html^"},"id":15,"priority":10},
{"action":{"type":"block"},"condition":{"urlFilter":"||blog.akhbarrasmi.com/wp-content/plugins/*/analytics/"},"id":16,"priority":10},
{"action":{"type":"block"},"condition":{"urlFilter":"||androidgozar.com/abli^"},"id":17,"priority":10},
{"action":{"type":"block"},"condition":{"urlFilter":"||aftabir.com/uploads/banners^"},"id":18,"priority":10},
{"action":{"type":"block"},"condition":{"urlFilter":"||aftabyazdonline.ir/templates/aftabeyazd/images/ads"},"id":19,"priority":10},
{"action":{"type":"block"},"condition":{"urlFilter":"||ads.akairan.com"},"id":20,"priority":10},
{"action":{"type":"block"},"condition":{"urlFilter":"||ads.akaup.com"},"id":21,"priority":10},
{"action":{"type":"block"},"condition":{"urlFilter":"||abipic.com/ads/"},"id":22,"priority":10},
{"action":{"type":"block"},"condition":{"urlFilter":"||static.accpress.com/baner/"},"id":23,"priority":10},
{"action":{"type":"block"},"condition":{"urlFilter":"||afkarnews.com/statics/"},"id":24,"priority":10},
{"action":{"type":"block"},"condition":{"urlFilter":"||static.bourse24.ir/images/ads^"},"id":25,"priority":10},
{"action":{"type":"block"},"condition":{"urlFilter":"||behrah.com/tabligh.js"},"id":26,"priority":10},
{"action":{"type":"block"},"condition":{"urlFilter":"||b2n.ir/static/banners/advt.png"},"id":27,"priority":10},
{"action":{"type":"block"},"condition":{"urlFilter":"||b2n.ir/adv"},"id":28,"priority":10},
{"action":{"type":"block"},"condition":{"urlFilter":"||byst.ir/themesstore/ads"},"id":29,"priority":10},
{"action":{"type":"block"},"condition":{"urlFilter":"||byst.ir/visit/view"},"id":30,"priority":10},
{"action":{"type":"block"},"condition":{"urlFilter":"||boursenews.ir/fa/generate/userid"},"id":31,"priority":10},
{"action":{"type":"block"},"condition":{"urlFilter":"||barato.ir/wp-content/*/ad/"},"id":32,"priority":10},
{"action":{"type":"block"},"condition":{"urlFilter":"||barsadic.com/scripts/myjavascript.js"},"id":33,"priority":10},
{"action":{"type":"block"},"condition":{"urlFilter":"||barsadic.com/gif/*.gif"},"id":34,"priority":10},
{"action":{"type":"block"},"condition":{"urlFilter":"||b-amooz.com/wp-content/plugins/sticky-ad"},"id":35,"priority":10},
{"action":{"type":"block"},"condition":{"urlFilter":"||banki.ir/images/banners/"},"id":36,"priority":10},
{"action":{"type":"block"},"condition":{"urlFilter":"||bankemardom.ir/files/ads"},"id":37,"priority":10},
{"action":{"type":"block"},"condition":{"urlFilter":"||backtory.com/bucket/deepchart/deepchartanalytics.js"},"id":38,"priority":10},
{"action":{"type":"block"},"condition":{"urlFilter":"||beautyhome.ir/wp-content/plugins/meks-easy-ads"},"id":39,"priority":10},
{"action":{"type":"block"},"condition":{"urlFilter":"||beautyhome.ir/wp-content/plugins/ads"},"id":40,"priority":10},
{"action":{"type":"block"},"condition":{"urlFilter":"||beautyhome.ir/wp-content/plugins/sticky-ad"},"id":41,"priority":10},
{"action":{"type":"block"},"condition":{"urlFilter":"||pic.beautyhome.ir/*.gif"},"id":42,"priority":10},
{"action":{"type":"block"},"condition":{"urlFilter":"||beytoote.com/ads/socket.io.js"},"id":43,"priority":10},
{"action":{"type":"block"},"condition":{"urlFilter":"||beytoote.com/html_ads/"},"id":44,"priority":10},
{"action":{"type":"block"},"condition":{"urlFilter":"||storage.beytoote.com/images/adsbeytoote/"},"id":45,"priority":10},
{"action":{"type":"block"},"condition":{"urlFilter":"||ads.beytoote.com"},"id":46,"priority":10},
{"action":{"type":"block"},"condition":{"urlFilter":"||boyernews.com/wp-content/plugins/fadvertisement^"},"id":47,"priority":10},
{"action":{"type":"block"},"condition":{"urlFilter":"||chaapaar.ir/ads^"},"id":48,"priority":10},
{"action":{"type":"block"},"condition":{"urlFilter":"||coffeeapps.ir/cof-p.php^"},"id":49,"priority":10},
{"action":{"type":"block"},"condition":{"urlFilter":"||coffeeapps.ir/wp-content/plugins/wp-content-copy-protector^"},"id":50,"priority":10},
{"action":{"type":"block"},"condition":{"urlFilter":"||cooldl.net/raul/zula"},"id":51,"priority":10},
{"action":{"type":"block"},"condition":{"urlFilter":"||citna.ir/?q=simpleads"},"id":52,"priority":10},
{"action":{"type":"block"},"condition":{"urlFilter":"||citna.ir/sites/default/files/googleanalytics/analytics"},"id":53,"priority":10},
{"action":{"type":"block"},"condition":{"urlFilter":"||citna.ir/sites/default/files/images/ad"},"id":54,"priority":10},
{"action":{"type":"block"},"condition":{"urlFilter":"||cannews.aero/images/banner"},"id":55,"priority":10},
{"action":{"type":"block"},"condition":{"urlFilter":"||campec.ir/code/popup"},"id":56,"priority":10},
{"action":{"type":"block"},"condition":{"urlFilter":"||click.ir/wp-content/plugins/mmt-ads/"},"id":57,"priority":10},
{"action":{"type":"block"},"condition":{"urlFilter":"||caffecinema.com/media/banners/"},"id":58,"priority":10},
{"action":{"type":"block"},"condition":{"urlFilter":"||ta.dideo.ir/ad^"},"id":59,"priority":10},
{"action":{"type":"block"},"condition":{"urlFilter":"||1da.ir/img/*.gif"},"id":60,"priority":10},
{"action":{"type":"block"},"condition":{"urlFilter":"||1ea.ir/img/rep/ads"},"id":61,"priority":10},
{"action":{"type":"block"},"condition":{"urlFilter":"||download1music.ir/wp-content/themes/d1m/ads.jpg"},"id":62,"priority":10},
{"action":{"type":"block"},"condition":{"urlFilter":"||tadv.didestan.net"},"id":63,"priority":10},
{"action":{"type":"block"},"condition":{"urlFilter":"||didestan.com/*/script/vast"},"id":64,"priority":10},
{"action":{"type":"block"},"condition":{"urlFilter":"||didestan.com/stats"},"id":65,"priority":10},
{"action":{"type":"block"},"condition":{"urlFilter":"||didestan.com/vast.js"},"id":66,"priority":10},
{"action":{"type":"block"},"condition":{"urlFilter":"||didestan.com/video/vastlink.js"},"id":67,"priority":10},
{"action":{"type":"block"},"condition":{"urlFilter":"||dustaan.com/files/*/smio-push-notification"},"id":68,"priority":10},
{"action":{"type":"block"},"condition":{"urlFilter":"||dustaan.com/files/*/tracking"},"id":69,"priority":10},
{"action":{"type":"block"},"condition":{"urlFilter":"||downloadkral.com/wp-content/cache/min/0/wp-content/plugins/wp-postviews"},"id":70,"priority":10},
{"action":{"type":"block"},"condition":{"urlFilter":"||dlbook.net/wp-content/uploads/*/adv"},"id":71,"priority":10},
{"action":{"type":"block"},"condition":{"urlFilter":"||dande6.com/wp-content/themes/dande6/css/videojs.ads"},"id":72,"priority":10},
{"action":{"type":"block"},"condition":{"urlFilter":"||doctorwp.com/wp-content/plugins/better-ads"},"id":73,"priority":10},
{"action":{"type":"block"},"condition":{"urlFilter":"||donya-e-eqtesad.com/servev*/*.gif"},"id":74,"priority":10},
{"action":{"type":"block"},"condition":{"urlFilter":"||downloadsoftware.ir/images/ads^"},"id":75,"priority":10},
{"action":{"type":"block"},"condition":{"urlFilter":"||dunro.com/dist/najva-messaging-sw.js"},"id":76,"priority":10},
{"action":{"type":"block"},"condition":{"urlFilter":"||analytics.dunro.com"},"id":77,"priority":10},
{"action":{"type":"block"},"condition":{"urlFilter":"||api.dunro.com/api/*/geoip"},"id":78,"priority":10},
{"action":{"type":"block"},"condition":{"urlFilter":"||downloadly.ir/wp-content/plugins/blackswanlab-click-counter^"},"id":79,"priority":10},
{"action":{"type":"block"},"condition":{"urlFilter":"||ads.dabi.ir"},"id":80,"priority":10},
{"action":{"type":"block"},"condition":{"urlFilter":"||dabi.ir/images/page-ads"},"id":81,"priority":10},
{"action":{"type":"block"},"condition":{"urlFilter":"||dabi.ir/upload/staticbanners"},"id":82,"priority":10},
{"action":{"type":"block"},"condition":{"urlFilter":"||dabi.ir/upload/boors3pic/empty-"},"id":83,"priority":10},
{"action":{"type":"block"},"condition":{"urlFilter":"||dabi.ir/banner/banner"},"id":84,"priority":10},
{"action":{"type":"block"},"condition":{"urlFilter":"||digiato.com/wp-content/plugins/duracelltomi-google-tag-manager/js/analytics-talk-content-tracking.js"},"id":85,"priority":10},
{"action":{"type":"block"},"condition":{"urlFilter":"||digistyle.com/tracker^"},"id":86,"priority":10},
{"action":{"type":"block"},"condition":{"urlFilter":"||etma.ir/fa/logsitevisit^"},"id":87,"priority":10},
{"action":{"type":"block"},"condition":{"initiatorDomains":["eghtesadepooya.ir"],"requestDomains":["okcs.com"]},"id":88,"priority":10},
{"action":{"type":"block"},"condition":{"urlFilter":"||ecoiran.com/servev*/*.gif"},"id":89,"priority":10},
{"action":{"type":"block"},"condition":{"urlFilter":"||ezp30.com/wp-content/themes/ezp30/pjs"},"id":90,"priority":10},
{"action":{"type":"block"},"condition":{"urlFilter":"||farspatogh.ir/media/ads/"},"id":91,"priority":10},
{"action":{"type":"block"},"condition":{"urlFilter":"||forum.moshaver.co/images/ads/"},"id":92,"priority":10},
{"action":{"type":"block"},"condition":{"urlFilter":"||emalls.ir/js/yektanet.js"},"id":93,"priority":10},
{"action":{"type":"block"},"condition":{"urlFilter":"||emalls.ir/files/da/"},"id":94,"priority":10},
{"action":{"type":"block"},"condition":{"urlFilter":"||esetupdate.ir/adv/"},"id":95,"priority":10},
{"action":{"type":"block"},"condition":{"urlFilter":"||20file.org/script/p2.js^"},"id":96,"priority":10},
{"action":{"type":"block"},"condition":{"initiatorDomains":["20file.org"],"requestDomains":["cdn.jsdelivr.net"]},"id":97,"priority":10},
{"action":{"type":"block"},"condition":{"urlFilter":"||football360.ir/api/advertisements^"},"id":98,"priority":10},
{"action":{"type":"block"},"condition":{"urlFilter":"||freedownload.ir/images/customer/"},"id":99,"priority":10},
{"action":{"type":"block"},"condition":{"urlFilter":"||filcin.com/site/show-adv"},"id":100,"priority":10},
{"action":{"type":"block"},"condition":{"urlFilter":"||faaltarin.com/adv-load.asp"},"id":101,"priority":10},
{"action":{"type":"block"},"condition":{"urlFilter":"||farnet.io/wp-content/plugins/better-post-views^"},"id":102,"priority":10},
{"action":{"type":"block"},"condition":{"urlFilter":"||analysis.faradars.org"},"id":103,"priority":10},
{"action":{"type":"block"},"condition":{"urlFilter":"||core.gapfilm.ir/api/*/banner/getbanner?bannerid="},"id":104,"priority":10},
{"action":{"type":"block"},"condition":{"urlFilter":"||gostaresh.news/statics^"},"id":105,"priority":10},
{"action":{"type":"block"},"condition":{"urlFilter":"||ghatreh.com/ads^"},"id":106,"priority":10},
{"action":{"type":"block"},"condition":{"urlFilter":"||ghatreh.com/skins/default/js/najva.js^"},"id":107,"priority":10},
{"action":{"type":"block"},"condition":{"urlFilter":"||ghatreh.com/skins/default/najva.css^"},"id":108,"priority":10},
{"action":{"type":"block"},"condition":{"urlFilter":"||gadgetnews.net/wp-content/uploads/*.gif"},"id":109,"priority":10},
{"action":{"type":"block"},"condition":{"urlFilter":"||honarehzendegi.com/cdn-cgi/challenge-platform^"},"id":110,"priority":10},
{"action":{"type":"block"},"condition":{"urlFilter":"||hadana.ir/wp-content/plugins/better-ads"},"id":111,"priority":10},
{"action":{"type":"block"},"condition":{"urlFilter":"||hamgardy.com/uploads/advertisment/"},"id":112,"priority":10},
{"action":{"type":"block"},"condition":{"urlFilter":"||hiads.hidoctor.ir/"},"id":113,"priority":10},
{"action":{"type":"block"},"condition":{"urlFilter":"||hidoctor.ir/hiads"},"id":114,"priority":10},
{"action":{"type":"block"},"condition":{"urlFilter":"||hamshahrionline.ir/rest/visit^"},"id":115,"priority":10},
{"action":{"type":"block"},"condition":{"urlFilter":"||ifilo.net/onclick^"},"id":116,"priority":10},
{"action":{"type":"block"},"condition":{"urlFilter":"||imna.ir/rest/visit^"},"id":117,"priority":10},
{"action":{"type":"block"},"condition":{"urlFilter":"||i-video.ir/ipop.js"},"id":118,"priority":10},
{"action":{"type":"block"},"condition":{"urlFilter":"||i-video.ir/ipop.php"},"id":119,"priority":10},
{"action":{"type":"block"},"condition":{"urlFilter":"||ipinz.ir/wp-content/plugins/google-analytics"},"id":120,"priority":10},
{"action":{"type":"block"},"condition":{"urlFilter":"||iranart.news/statics"},"id":121,"priority":10},
{"action":{"type":"block"},"condition":{"urlFilter":"||icivil.ir/omran/wp-content/cache/min/*/omran/wp-content/plugins/adrotate"},"id":122,"priority":10},
{"action":{"type":"block"},"condition":{"urlFilter":"||icivil.ir/omran/wp-content/cache/busting/*/omran/wp-content/plugins/google-analytics"},"id":123,"priority":10},
{"action":{"type":"block"},"condition":{"urlFilter":"||iraniandog.com/iss"},"id":124,"priority":10},
{"action":{"type":"block"},"condition":{"urlFilter":"||itresan.com/wp-content/cache/busting^"},"id":125,"priority":10},
{"action":{"type":"block"},"condition":{"urlFilter":"||irna.ir/rest/visit"},"id":126,"priority":10},
{"action":{"type":"block"},"condition":{"urlFilter":"||irlanguage.com/themes/mashhadteam-default/script/ga.js"},"id":127,"priority":10},
{"action":{"type":"block"},"condition":{"initiatorDomains":["jahaneghtesad.com"],"requestDomains":["dummyimage.com"]},"id":128,"priority":10},
{"action":{"type":"block"},"condition":{"urlFilter":"||jahaneghtesad.com/wp-content/plugins/top-10^"},"id":129,"priority":10},
{"action":{"type":"block"},"condition":{"urlFilter":"||jahaneghtesad.com/wp-content/uploads/matomo^"},"id":130,"priority":10},
{"action":{"type":"block"},"condition":{"urlFilter":"||mhvllvgrefplg.com/v.js"},"id":131,"priority":10},
{"action":{"type":"block"},"condition":{"urlFilter":"||ucxfdvhuqwpig.com/vvja.js"},"id":132,"priority":10},
{"action":{"type":"block"},"condition":{"urlFilter":"||javanmobile.com/wp-content/cache/min/*/wp-content/plugins/adrotate"},"id":133,"priority":10},
{"action":{"type":"block"},"condition":{"urlFilter":"||khodropluss.ir/wp-json/wp-statistics^"},"id":134,"priority":10},
{"action":{"type":"block"},"condition":{"urlFilter":"||khanefootball.com/aec.min.js^"},"id":135,"priority":10},
{"action":{"type":"block"},"condition":{"urlFilter":"||khoshamoz.ir/img/ads^"},"id":136,"priority":10},
{"action":{"type":"block"},"condition":{"urlFilter":"||khaandaniha.ir/upload/public/advertisement^"},"id":137,"priority":10},
{"action":{"type":"block"},"condition":{"urlFilter":"||khabareazad.com/aec.min.js^"},"id":138,"priority":10},
{"action":{"type":"block"},"condition":{"urlFilter":"||cdn.khodrobank.com/images/banners/"},"id":139,"priority":10},
{"action":{"type":"block"},"condition":{"urlFilter":"||s1.khf.nz/sites/default/files/upload_banner/ads"},"id":140,"priority":10},
{"action":{"type":"block"},"condition":{"urlFilter":"||s1.khf.nz/sites/default/files/ads/"},"id":141,"priority":10},
{"action":{"type":"block"},"condition":{"urlFilter":"||karpishe.com/api/collect/job-click^"},"id":142,"priority":10},
{"action":{"type":"block"},"condition":{"urlFilter":"||karpishe.com/api/actionlog^"},"id":143,"priority":10},
{"action":{"type":"block"},"condition":{"urlFilter":"||karpishe.com/api/shared/log^"},"id":144,"priority":10},
{"action":{"type":"block"},"condition":{"urlFilter":"||khabarpu.com/js/getscript.js^"},"id":145,"priority":10},
{"action":{"type":"block"},"condition":{"urlFilter":"||lamtakam.com/img/ad"},"id":146,"priority":10},
{"action":{"type":"block"},"condition":{"urlFilter":"||lahzeakhar.com/showads"},"id":147,"priority":10},
{"action":{"type":"block"},"condition":{"urlFilter":"||magland.ir/banner_images^"},"id":148,"priority":10},
{"action":{"type":"block"},"condition":{"urlFilter":"||moviemag.ir/media/com_rstbox/js/engagebox.js^"},"id":149,"priority":10},
{"action":{"type":"block"},"condition":{"urlFilter":"||moviemag.ir/media/com_rstbox/css/engagebox.css^"},"id":150,"priority":10},
{"action":{"type":"block"},"condition":{"urlFilter":"||mipersia.com/wp-content/cache/caos-analytics"},"id":151,"priority":10},
{"action":{"type":"block"},"condition":{"urlFilter":"||meghdadit.com/api/subscriber/is-firsttime-user"},"id":152,"priority":10},
{"action":{"type":"block"},"condition":{"urlFilter":"||montiego.ir/dl/popmon.js"},"id":153,"priority":10},
{"action":{"type":"block"},"condition":{"urlFilter":"||marzfun.com/wp-content/plugins/google-analytics"},"id":154,"priority":10},
{"action":{"type":"block"},"condition":{"urlFilter":"||my-film.pw/wp-content/uploads/*/ad"},"id":155,"priority":10},
{"action":{"type":"block"},"condition":{"urlFilter":"||mer30download.com/wp-content/uploads/*/ad"},"id":156,"priority":10},
{"action":{"type":"block"},"condition":{"urlFilter":"||mashreghnews.ir/rest/visit"},"id":157,"priority":10},
{"action":{"type":"block"},"condition":{"urlFilter":"||mashreghnews.ir/d/*/*.gif"},"id":158,"priority":10},
{"action":{"type":"block"},"condition":{"urlFilter":"||mihanscript.net/wp-json/wp-statistics/"},"id":159,"priority":10},
{"action":{"type":"block"},"condition":{"urlFilter":"||mihandownload.com/sw.js"},"id":160,"priority":10},
{"action":{"type":"block"},"condition":{"urlFilter":"||mehrnews.com/rest/visit"},"id":161,"priority":10},
{"action":{"type":"block"},"condition":{"urlFilter":"||netbarg.com/matomo.js"},"id":162,"priority":10},
{"action":{"type":"block"},"condition":{"urlFilter":"||namasha.com/visit?id="},"id":163,"priority":10},
{"action":{"type":"block"},"condition":{"urlFilter":"||static.namasha.com/content/player*/vast.js"},"id":164,"priority":10},
{"action":{"type":"block"},"condition":{"urlFilter":"||nex1.ir/p.js"},"id":165,"priority":10},
{"action":{"type":"block"},"condition":{"urlFilter":"||nex1.ir/p.php"},"id":166,"priority":10},
{"action":{"type":"block"},"condition":{"urlFilter":"||navatv.com/wp-admin/admin-ajax.php?action=adwised"},"id":167,"priority":10},
{"action":{"type":"block"},"condition":{"urlFilter":"||navatv.com/?wordfence"},"id":168,"priority":10},
{"action":{"type":"block"},"condition":{"urlFilter":"||niksalehi.com/newspaper/wp-content/themes/new_niksalehi/counter_view.php"},"id":169,"priority":10},
{"action":{"type":"block"},"condition":{"urlFilter":"||nex1music.ir/bnr/"},"id":170,"priority":10},
{"action":{"type":"block"},"condition":{"initiatorDomains":["nex1music.ir"],"requestDomains":["via.placeholder.com"]},"id":171,"priority":10},
{"action":{"type":"block"},"condition":{"urlFilter":"||namakstan.net/wp-content/cache/busting/1/gtm-"},"id":172,"priority":10},
{"action":{"type":"block"},"condition":{"urlFilter":"||55online.news/aec.min.js^"},"id":173,"priority":10},
{"action":{"type":"block"},"condition":{"urlFilter":"||55online.news/rss-files.php^"},"id":174,"priority":10},
{"action":{"type":"block"},"condition":{"urlFilter":"||parsaspace.com/content/new/js/analytics.js^"},"id":175,"priority":10},
{"action":{"type":"block"},"condition":{"urlFilter":"||pichak.net/nohe/amar.js"},"id":176,"priority":10},
{"action":{"type":"block"},"condition":{"urlFilter":"||pichak.net/ads/"},"id":177,"priority":10},
{"action":{"type":"block"},"condition":{"urlFilter":"||parsiblog.com/adv/"},"id":178,"priority":10},
{"action":{"type":"block"},"condition":{"urlFilter":"||imencms.com/mobile/ptadv.jpg"},"id":179,"priority":10},
{"action":{"type":"block"},"condition":{"urlFilter":"||persiangfx.com/tab/banner/"},"id":180,"priority":10},
{"action":{"type":"block"},"condition":{"urlFilter":"||p30afzar.com/myjs/a.js"},"id":181,"priority":10},
{"action":{"type":"block"},"condition":{"urlFilter":"||film.persianv.com/frontend/js/ads/"},"id":182,"priority":10},
{"action":{"type":"block"},"condition":{"urlFilter":"||pishkhan.com/pishkhaanads/"},"id":183,"priority":10},
{"action":{"type":"block"},"condition":{"urlFilter":"||paperhub.ir/images/*.gif"},"id":184,"priority":10},
{"action":{"type":"block"},"condition":{"urlFilter":"||rayamag.com/piwik^"},"id":185,"priority":10},
{"action":{"type":"block"},"condition":{"urlFilter":"||rahnamato.ir/common/visitcount^"},"id":186,"priority":10},
{"action":{"type":"block"},"condition":{"urlFilter":"||rizy.ir/img/*.gif"},"id":187,"priority":10},
{"action":{"type":"block"},"condition":{"urlFilter":"||rozup.ir/theme/*/img/txtad.png"},"id":188,"priority":10},
{"action":{"type":"block"},"condition":{"urlFilter":"||rooziato.com/wp-content/plugins/duracelltomi-google-tag-manager/js/analytics-talk-content-tracking"},"id":189,"priority":10},
{"action":{"type":"block"},"condition":{"urlFilter":"||rondbaz.com/js/analytics.js"},"id":190,"priority":10},
{"action":{"type":"block"},"condition":{"urlFilter":"||rajanews.com/sites/default/files/superadmin/*.gif"},"id":191,"priority":10},
{"action":{"type":"block"},"condition":{"urlFilter":"||sid.ir/adv^"},"id":192,"priority":10},
{"action":{"type":"block"},"condition":{"urlFilter":"||salameno.com/rest/visit^"},"id":193,"priority":10},
{"action":{"type":"block"},"condition":{"urlFilter":"||media.salameno.com/d/*.gif"},"id":194,"priority":10},
{"action":{"type":"block"},"condition":{"urlFilter":"||shmi.ir/wp-content/uploads/*gif"},"id":195,"priority":10},
{"action":{"type":"block"},"condition":{"urlFilter":"||setare.com/files/*.gif"},"id":196,"priority":10},
{"action":{"type":"block"},"condition":{"urlFilter":"||setare.com/wp-content/tags/yn_bnr"},"id":197,"priority":10},
{"action":{"type":"block"},"condition":{"urlFilter":"||shomavaeghtesad.com/rss-rasa.php^"},"id":198,"priority":10},
{"action":{"type":"block"},"condition":{"urlFilter":"||serveriran.net/wp-content/plugins/wccp-pro"},"id":199,"priority":10},
{"action":{"type":"block"},"condition":{"urlFilter":"||stnews.ir/ads/"},"id":200,"priority":10},
{"action":{"type":"block"},"condition":{"urlFilter":"||shirazsong.in/wp-content/plugins/google-analytics"},"id":201,"priority":10},
{"action":{"type":"block"},"condition":{"urlFilter":"||samatak.com/ads"},"id":202,"priority":10},
{"action":{"type":"block"},"condition":{"urlFilter":"||shop-theme.ir/code/popup"},"id":203,"priority":10},
{"action":{"type":"block"},"condition":{"urlFilter":"||sourceiran.com/wp-content/plugins/layered-popups/js/ads"},"id":204,"priority":10},
{"action":{"type":"block"},"condition":{"urlFilter":"||sakhtafzarmag.com/wp-content/uploads/ads^"},"id":205,"priority":10},
{"action":{"type":"block"},"condition":{"urlFilter":"||seemorgh.com/images/*/ads/"},"id":206,"priority":10},
{"action":{"type":"block"},"condition":{"urlFilter":"||softsaaz.ir/wp-content/plugins/affiliate-wp/assets/js/tracking.min.js"},"id":207,"priority":10},
{"action":{"type":"block"},"condition":{"urlFilter":"||simcart.com/upload/banner"},"id":208,"priority":10},
{"action":{"type":"block"},"condition":{"urlFilter":"||shahrsakhtafzar.com/fa/images/banners/"},"id":209,"priority":10},
{"action":{"type":"block"},"condition":{"urlFilter":"||sena.ir/rest/visit"},"id":210,"priority":10},
{"action":{"type":"block"},"condition":{"urlFilter":"||sakhtafzar.com/wp-json/wpstatistics/"},"id":211,"priority":10},
{"action":{"type":"block"},"condition":{"urlFilter":"||1000site.ir/asset/media/banner"},"id":212,"priority":10},
{"action":{"type":"block"},"condition":{"urlFilter":"||titrebartar.com/images/banners/*.gif"},"id":213,"priority":10},
{"action":{"type":"block"},"condition":{"urlFilter":"||technews-iran.com/wp-content/cache/min/*/amp-ad-"},"id":214,"priority":10},
{"action":{"type":"block"},"condition":{"urlFilter":"||takmili.com/wp-content/plugins/wccp-pro"},"id":215,"priority":10},
{"action":{"type":"block"},"condition":{"urlFilter":"||takmili.com/wp-content/plugins/google-analytics"},"id":216,"priority":10},
{"action":{"type":"block"},"condition":{"urlFilter":"||titr.online/api/stats"},"id":217,"priority":10},
{"action":{"type":"block"},"condition":{"urlFilter":"||topseda.ir/wp-content/plugins/google-analytics"},"id":218,"priority":10},
{"action":{"type":"block"},"condition":{"urlFilter":"||tafrihi.com/wp-content/plugins/simple-ads"},"id":219,"priority":10},
{"action":{"type":"block"},"condition":{"urlFilter":"||takro.net/cdn-cgi/zaraz/"},"id":220,"priority":10},
{"action":{"type":"block"},"condition":{"urlFilter":"||takro.net/cdn-cgi/apps/head"},"id":221,"priority":10},
{"action":{"type":"block"},"condition":{"urlFilter":"||toranji.ir/wp-content/uploads/*/*.gif"},"id":222,"priority":10},
{"action":{"type":"block"},"condition":{"urlFilter":"||toranji.ir/najva-messaging-sw.js^"},"id":223,"priority":10},
{"action":{"type":"block"},"condition":{"urlFilter":"||st-n.ads1-adnow.com/js/a.js"},"id":224,"priority":10},
{"action":{"type":"block"},"condition":{"urlFilter":"||tiwall.com/api/adver/"},"id":225,"priority":10},
{"action":{"type":"block"},"condition":{"urlFilter":"||tebyan.net/base/userlog^"},"id":226,"priority":10},
{"action":{"type":"block"},"condition":{"urlFilter":"||tebyan.net/home/userlog^"},"id":227,"priority":10},
{"action":{"type":"block"},"condition":{"urlFilter":"||tebyan.net/home/visit^"},"id":228,"priority":10},
{"action":{"type":"block"},"condition":{"urlFilter":"||tebyan.net/film/counter^"},"id":229,"priority":10},
{"action":{"type":"block"},"condition":{"urlFilter":"||film.tebyan.net/files/jwplayer//vast.js"},"id":230,"priority":10},
{"action":{"type":"block"},"condition":{"urlFilter":"||newsmedia.tasnimnews.com/tasnim/uploaded/ads/"},"id":231,"priority":10},
{"action":{"type":"block"},"condition":{"urlFilter":"||uptvs.com/wp-contents/plugins/viewstats"},"id":232,"priority":10},
{"action":{"type":"block"},"condition":{"urlFilter":"||uupload.ir/img/*.gif"},"id":233,"priority":10},
{"action":{"type":"block"},"condition":{"urlFilter":"||unp.ir/downloads/*/*.gif"},"id":234,"priority":10},
{"action":{"type":"block"},"condition":{"urlFilter":"||vipofilm.com/wp-content/plugins/adwised/assets/adwisedpop.js^"},"id":235,"priority":10},
{"action":{"type":"block"},"condition":{"urlFilter":"||vipofilm.com/wp-admin/admin-ajax.php?action=adwised"},"id":236,"priority":10},
{"action":{"type":"block"},"condition":{"urlFilter":"||up.varoone.ir/view/*/adv"},"id":237,"priority":10},
{"action":{"type":"block"},"condition":{"urlFilter":"||up.varoone.ir/view/*/*.gif"},"id":238,"priority":10},
{"action":{"type":"block"},"condition":{"urlFilter":"||biz-cdn.varzesh3.com/banners^"},"id":239,"priority":10},
{"action":{"type":"block"},"condition":{"urlFilter":"||static.varzesh3.com/js/ads.js^"},"id":240,"priority":10},
{"action":{"type":"block"},"condition":{"urlFilter":"||biz.varzesh3.com/vast^"},"id":241,"priority":10},
{"action":{"type":"block"},"condition":{"urlFilter":"||biz.varzesh3.com/events/view^"},"id":242,"priority":10},
{"action":{"type":"block"},"condition":{"urlFilter":"||video-learn.ir/code/popup^"},"id":243,"priority":10},
{"action":{"type":"block"},"condition":{"urlFilter":"||vigiato.net/wp-content/plugins/duracelltomi-google-tag-manager^"},"id":244,"priority":10},
{"action":{"type":"block"},"condition":{"urlFilter":"||wcity4.site/wp-json/wp-statistics^"},"id":245,"priority":10},
{"action":{"type":"block"},"condition":{"urlFilter":"||webii.ir/images/banner^"},"id":246,"priority":10},
{"action":{"type":"block"},"condition":{"urlFilter":"||webii.ir/images/loading.svg"},"id":247,"priority":10},
{"action":{"type":"block"},"condition":{"urlFilter":"||wikihoax.org/wp-content/plugins/eazy-ad-unblocker^"},"id":248,"priority":10},
{"action":{"type":"block"},"condition":{"urlFilter":"||wikihoax.org/wp-content/cache/busting/1/wp-content/plugins/eazy-ad-unblocker^"},"id":249,"priority":10},
{"action":{"type":"block"},"condition":{"urlFilter":"||wikihoax.org/wp-content/uploads/*/ads"},"id":250,"priority":10},
{"action":{"type":"block"},"condition":{"urlFilter":"||yektablog.net/js/adjs.php"},"id":251,"priority":10},
{"action":{"type":"block"},"condition":{"urlFilter":"||yun.ir/advertisement^"},"id":252,"priority":10},
{"action":{"type":"block"},"condition":{"urlFilter":"||t.me/bitbod_trading_club^"},"id":253,"priority":10},
{"action":{"type":"block"},"condition":{"excludedInitiatorDomains":["m.rubika.ir","web.rubika.ir"],"requestDomains":["rubika.ir"]},"id":254,"priority":10},
{"action":{"type":"block"},"condition":{"urlFilter":"||takvim.tj/animation/adv_top_slide^"},"id":255,"priority":10},
{"action":{"type":"block"},"condition":{"resourceTypes":["script","stylesheet","xmlhttprequest"],"urlFilter":"||kilipo.com/themes/vidplay/player/plugins/ads^"},"id":256,"priority":10},
{"action":{"type":"block"},"condition":{"resourceTypes":["script","stylesheet","xmlhttprequest"],"urlFilter":"||kilipo.com/themes/vidplay/player/plugins/vast^"},"id":257,"priority":10},
{"action":{"type":"block"},"condition":{"resourceTypes":["script","stylesheet"],"urlFilter":"||aparat.com/static/vendor/dox"},"id":258,"priority":10},
{"action":{"type":"block"},"condition":{"resourceTypes":["image","script","stylesheet","xmlhttprequest"],"urlFilter":"||jafekri.com/wp-content/plugins/wccp-pro^"},"id":259,"priority":10},
{"action":{"type":"block"},"condition":{"resourceTypes":["stylesheet"],"urlFilter":"||cdni.jabeh.com/videojs.ads.min.css^"},"id":260,"priority":10},
{"action":{"type":"block"},"condition":{"resourceTypes":["stylesheet"],"urlFilter":"||tamasha.com/dist/*/contrib/player/css/videojs.ima.min.css^"},"id":261,"priority":10},
{"action":{"type":"block"},"condition":{"resourceTypes":["stylesheet"],"urlFilter":"||tamasha.com/dist/*/contrib/player/css/videojs-contrib.min.css^"},"id":262,"priority":10},
{"action":{"type":"block"},"condition":{"initiatorDomains":["androidsharp.com"],"requestDomains":["iranroid.com"],"resourceTypes":["image"]},"id":263,"priority":10},
{"action":{"type":"block"},"condition":{"resourceTypes":["image"],"urlFilter":"||afkarnews.com/servev2/"},"id":264,"priority":10},
{"action":{"type":"block"},"condition":{"resourceTypes":["image"],"urlFilter":"||dabi.ir/int//"},"id":265,"priority":10},
{"action":{"type":"block"},"condition":{"resourceTypes":["image","xmlhttprequest"],"urlFilter":"||downloadha.com/pic/top-posts-ads.png^"},"id":266,"priority":10},
{"action":{"type":"block"},"condition":{"resourceTypes":["image"],"urlFilter":"||api.enama.ir/webfiles/_adsbanner^"},"id":267,"priority":10},
{"action":{"type":"block"},"condition":{"resourceTypes":["image"],"urlFilter":"||namayesh.com/assets/ads^"},"id":268,"priority":10},
{"action":{"type":"block"},"condition":{"resourceTypes":["image"],"urlFilter":"||p30afzar.com/ext_files/"},"id":269,"priority":10},
{"action":{"type":"block"},"condition":{"initiatorDomains":["p30afzar.com"],"requestDomains":["androidsharp.com"],"resourceTypes":["image"]},"id":270,"priority":10},
{"action":{"type":"block"},"condition":{"initiatorDomains":["rouzegar.com"],"requestDomains":["irancarpet.net"],"resourceTypes":["image"]},"id":271,"priority":10},
{"action":{"type":"block"},"condition":{"initiatorDomains":["sakhtafzarmag.com"],"requestDomains":["dinu.ir"],"resourceTypes":["image"]},"id":272,"priority":10},
{"action":{"type":"block"},"condition":{"initiatorDomains":["skinak.ir"],"resourceTypes":["image"],"urlFilter":".gif^"},"id":273,"priority":10},
{"action":{"type":"block"},"condition":{"resourceTypes":["image"],"urlFilter":"||oila.tj/storage/banners^"},"id":274,"priority":10},
{"action":{"type":"block"},"condition":{"resourceTypes":["script"],"urlFilter":"||abzarfa.com/services/minicounter^"},"id":275,"priority":10},
{"action":{"type":"block"},"condition":{"resourceTypes":["script"],"urlFilter":"||abzarfa.com/services/onlineusres^"},"id":276,"priority":10},
{"action":{"type":"block"},"condition":{"resourceTypes":["script"],"urlFilter":"||abzarfa.com/tools/ip^"},"id":277,"priority":10},
{"action":{"type":"block"},"condition":{"resourceTypes":["script"],"urlFilter":"||kilipo.com/themes/vidplay/js/fingerprintjs2^"},"id":278,"priority":10},
{"action":{"type":"block"},"condition":{"resourceTypes":["script"],"urlFilter":"||rozblog.com/code/popup^"},"id":279,"priority":10},
{"action":{"type":"block"},"condition":{"resourceTypes":["script"],"urlFilter":"||tamasha.com/dist/*/js/ads_tracker.min.js^"},"id":280,"priority":10},
{"action":{"type":"block"},"condition":{"resourceTypes":["script"],"urlFilter":"||tamasha.com/dist/*/js/tracker.min.js^"},"id":281,"priority":10},
{"action":{"type":"block"},"condition":{"resourceTypes":["script"],"urlFilter":"||bazdeh.org/wp-content/plugins/better-post-views^"},"id":282,"priority":10},
{"action":{"type":"block"},"condition":{"resourceTypes":["script"],"urlFilter":"||elmevarzesh.com/loader.js^"},"id":283,"priority":10},
{"action":{"type":"block"},"condition":{"resourceTypes":["script"],"urlFilter":"||api.enama.ir/demo//vast.js^"},"id":284,"priority":10},
{"action":{"type":"block"},"condition":{"resourceTypes":["script","xmlhttprequest"],"urlFilter":"||filmsky.ir/wp-content/plugins/layered-popups^"},"id":285,"priority":10},
{"action":{"type":"block"},"condition":{"resourceTypes":["script"],"urlFilter":"||tarfandha.org/pop/popmain.js^"},"id":286,"priority":10},
{"action":{"type":"block"},"condition":{"resourceTypes":["script"],"urlFilter":"||cdni.jabeh.com/videojs.ads.min.js^"},"id":287,"priority":10},
{"action":{"type":"block"},"condition":{"resourceTypes":["script"],"urlFilter":"||cdni.jabeh.com/videojs.ima.min.js^"},"id":288,"priority":10},
{"action":{"type":"block"},"condition":{"resourceTypes":["script"],"urlFilter":"||sobhtazeh.news/player/vast.js^"},"id":289,"priority":10},
{"action":{"type":"block"},"condition":{"resourceTypes":["script"],"urlFilter":"||sobhtazeh.news/player/vastlink.js^"},"id":290,"priority":10},
{"action":{"type":"block"},"condition":{"resourceTypes":["script"],"urlFilter":"||tamasha.com/dist/*/contrib/player/js/ima3.min.js^"},"id":291,"priority":10},
{"action":{"type":"block"},"condition":{"resourceTypes":["script"],"urlFilter":"||tamasha.com/dist/*/contrib/player/js/videojs.ima.min.js^"},"id":292,"priority":10},
{"action":{"type":"block"},"condition":{"resourceTypes":["script"],"urlFilter":"||tamasha.com/dist/*/contrib/player/js/videojs-contrib.min.js^"},"id":293,"priority":10},
{"action":{"type":"block"},"condition":{"resourceTypes":["script"],"urlFilter":"||tabanmusic.com/p-pop^"},"id":294,"priority":10},
{"action":{"type":"block"},"condition":{"resourceTypes":["xmlhttprequest"],"urlFilter":"||aparat.com/external/romeo^"},"id":295,"priority":10},
{"action":{"type":"block"},"condition":{"resourceTypes":["xmlhttprequest"],"urlFilter":"||aparatsport.com/sport_ads.xml^"},"id":296,"priority":10},
{"action":{"type":"block"},"condition":{"resourceTypes":["xmlhttprequest"],"urlFilter":"||aparatsport.com/external/romeo^"},"id":297,"priority":10},
{"action":{"type":"block"},"condition":{"resourceTypes":["xmlhttprequest"],"urlFilter":"||api.enama.ir/ads^"},"id":298,"priority":10},
{"action":{"type":"block"},"condition":{"resourceTypes":["xmlhttprequest"],"urlFilter":"||api.enama.ir/object/adsview^"},"id":299,"priority":10},
{"action":{"type":"block"},"condition":{"resourceTypes":["xmlhttprequest"],"urlFilter":"||api-w.enama.ir//object/visited^"},"id":300,"priority":10},
{"action":{"type":"block"},"condition":{"resourceTypes":["xmlhttprequest"],"urlFilter":"||jabeh.com/analytics^"},"id":301,"priority":10},
{"action":{"type":"block"},"condition":{"resourceTypes":["xmlhttprequest"],"urlFilter":"||namayesh.com/configuration/v1/video/*/lazyads^"},"id":302,"priority":10},
{"action":{"type":"block"},"condition":{"resourceTypes":["xmlhttprequest"],"urlFilter":"||namayesh.com/configuration/v1/video/*/log^"},"id":303,"priority":10},
{"action":{"type":"block"},"condition":{"resourceTypes":["xmlhttprequest"],"urlFilter":"||sobhtazeh.news/rss-file.php^"},"id":304,"priority":10},
{"action":{"type":"block"},"condition":{"resourceTypes":["xmlhttprequest"],"urlFilter":"||tamasha.com/visid^"},"id":305,"priority":10},
{"action":{"type":"block"},"condition":{"resourceTypes":["sub_frame"],"urlFilter":"||rozblog.com/theme/ads/banner.html^"},"id":306,"priority":10},
{"action":{"type":"block"},"condition":{"resourceTypes":["sub_frame"],"urlFilter":"||oila.tj/storage/iframe^"},"id":307,"priority":10},
{"action":{"type":"block"},"condition":{"initiatorDomains":["yun.ir"],"resourceTypes":["sub_frame"]},"id":308,"priority":10},
{"action":{"type":"block"},"condition":{"resourceTypes":["main_frame"],"urlFilter":"||c.filimium.com/meta/affiliate"},"id":309,"priority":10},
{"action":{"type":"block"},"condition":{"requestDomains":["aitrades.com","arongroups.co","artanlife.club","aryacoin.io","aryana.io","aryastake.io","axotrade.com","bahatoken.site","bemchain.io","bixb.exchange","bixbcoin.com","bnbmatrix.io","bridge.link","ccnnetwork.co","chancx.io","coinwallet.biz","cryptoland.com","dagcoin.org","defigroups.com","emway.ir","excoino.com","falixa.com","frzss.com","gpm.ltd","guhtoken.org","hoho.mobi","irancloudmining.com","irancoinmine.com","kingmoney.io","laqira.io","laxsson.com","leumia.io","mat-pnu.ir","minepi.com","mogo-crypto.net","mtabdil.com","mttcoin.com","nokontoken.com","orbitnetwork.net","persia.exchange","propertiq.io","quahl.com","shamining.com","smartgalaxy.finance","soodland.com","synchrobit.io","tastenfts.com","tinancefa.org","tradergpt.ai","treenvest.com","unique.finance","unitedsolarinfinity.com","utbyte.io","waykingroup.com","wintap.io","yoozbit.com"],"resourceTypes":["main_frame"]},"id":310,"priority":10},
{"action":{"type":"block"},"condition":{"domainType":"firstParty","requestDomains":["actionlog.divar.ir","ads.alaatv.com","analytics.fam.ir","counter.musicsweb.ir","counter.musictag.ir","countly.virgool.io","kar-sentry.karnameh.com","posthog.basalam.com","sentry.alaatv.com","sentry.basalam.com","sentry.filmnet.ir","sentry.virgool.io","stc.ninisite.com","tracker.jabama.com"]},"id":311,"priority":10},
{"action":{"type":"block"},"condition":{"domainType":"firstParty","urlFilter":"||noorlib.ir/sentry^"},"id":312,"priority":10},
{"action":{"type":"block"},"condition":{"domainType":"firstParty","requestMethods":["post"],"urlFilter":"||zarebin.ir/platform/api/supervisor/v1/events^"},"id":313,"priority":10},
{"action":{"type":"block"},"condition":{"domainType":"firstParty","resourceTypes":["stylesheet"],"urlFilter":"||ejiga.com/content/player/css/rmp-vast.css^"},"id":314,"priority":10},
{"action":{"type":"block"},"condition":{"domainType":"firstParty","initiatorDomains":["ana.press","asriran.com","barghnews.com","borna.news","eghtesadonline.com","ir","nabzebourse.com","niniban.com","niniban.com","parsine.com","seratnews.com","vananews.com"],"resourceTypes":["image"],"urlFilter":"/files/fa/adv^"},"id":315,"priority":10},
{"action":{"type":"block"},"condition":{"domainType":"firstParty","initiatorDomains":["asrkhabar.com","bultannews.com","fararu.com","ir","iraneconomist.com","khordad.news","roozno.com","yektapress.com"],"resourceTypes":["image"],"urlFilter":"/files/adv^"},"id":316,"priority":10},
{"action":{"type":"block"},"condition":{"domainType":"firstParty","excludedInitiatorDomains":["ifixit.ir"],"initiatorDomains":["androidtime.com","asbe-bokhar.com","avalnews.com","avapedia.com","baarzesh.net","bazdeh.org","bazicenter.com","binaopt.com","charbzaban.com","chetor.com","dlfox.com","elmefarda.com","farachart.com","farsiro.com","filmin.info","gamefa.com","ghatar.com","graphiran.com","honarfardi.com","ir","itresan.com","kamapress.com","konkur.info","learnparsi.com","movienama.com","netpaak.com","p30konkor.com","p30world.com","par30dl.net","par30games.net","parsfootball.com","rozmusic.com","sakhtafzar.com","shahrebours.com","shanbemag.com","takskin.com","tasvirezendegi.com","techrato.com","techtik.com"],"resourceTypes":["image"],"urlFilter":"/wp-content/uploads/*.gif^"},"id":317,"priority":10},
{"action":{"type":"block"},"condition":{"domainType":"firstParty","initiatorDomains":["bazimag.com","ir","jahannews.com"],"resourceTypes":["image"],"urlFilter":"/images/advertise^"},"id":318,"priority":10},
{"action":{"type":"block"},"condition":{"domainType":"firstParty","resourceTypes":["image"],"urlFilter":"||niloblog.com/js/web.gif^"},"id":319,"priority":10},
{"action":{"type":"block"},"condition":{"domainType":"firstParty","resourceTypes":["image"],"urlFilter":"||autosafkar.com/app/uploads/*.gif^"},"id":320,"priority":10},
{"action":{"type":"block"},"condition":{"domainType":"firstParty","resourceTypes":["image"],"urlFilter":"||appahang5.com/cdn/ads^"},"id":321,"priority":10},
{"action":{"type":"block"},"condition":{"domainType":"firstParty","resourceTypes":["image"],"urlFilter":"||aboutall.ir/administrator/files/baner^"},"id":322,"priority":10},
{"action":{"type":"block"},"condition":{"domainType":"firstParty","resourceTypes":["image"],"urlFilter":"||img.cdn.asandl.com/panel^"},"id":323,"priority":10},
{"action":{"type":"block"},"condition":{"domainType":"firstParty","resourceTypes":["image"],"urlFilter":"||static.cdn.asset.aparat.com/agf-file^"},"id":324,"priority":10},
{"action":{"type":"block"},"condition":{"domainType":"firstParty","resourceTypes":["image"],"urlFilter":"||1abzar.com/files/ads.gif^"},"id":325,"priority":10},
{"action":{"type":"block"},"condition":{"domainType":"firstParty","resourceTypes":["image"],"urlFilter":"||1abzar.com/ads^"},"id":326,"priority":10},
{"action":{"type":"block"},"condition":{"domainType":"firstParty","resourceTypes":["image"],"urlFilter":"||bazimag.com/images/*.gif^"},"id":327,"priority":10},
{"action":{"type":"block"},"condition":{"domainType":"firstParty","resourceTypes":["image"],"urlFilter":"||bartarinha.ir/servev2/*.gif^"},"id":328,"priority":10},
{"action":{"type":"block"},"condition":{"domainType":"firstParty","resourceTypes":["image"],"urlFilter":"||chemgroup.net/files/assets/img/*.gif^"},"id":329,"priority":10},
{"action":{"type":"block"},"condition":{"domainType":"firstParty","resourceTypes":["image"],"urlFilter":"||dana.ir/dana/static/ads^"},"id":330,"priority":10},
{"action":{"type":"block"},"condition":{"domainType":"firstParty","resourceTypes":["image"],"urlFilter":"||cdn.dolatebahar.ir/upload/ads^"},"id":331,"priority":10},
{"action":{"type":"block"},"condition":{"domainType":"firstParty","resourceTypes":["image"],"urlFilter":"||darooyab.ir/content/advertisementimages^"},"id":332,"priority":10},
{"action":{"type":"block"},"condition":{"domainType":"firstParty","resourceTypes":["image"],"urlFilter":"||themez.top/*.gif^"},"id":333,"priority":10},
{"action":{"type":"block"},"condition":{"domainType":"firstParty","resourceTypes":["image"],"urlFilter":"||digiboy.ir/wp-content/img/header^"},"id":334,"priority":10},
{"action":{"type":"block"},"condition":{"domainType":"firstParty","resourceTypes":["image"],"urlFilter":"||digiboy.ir/wp-content/img/sidebar^"},"id":335,"priority":10},
{"action":{"type":"block"},"condition":{"domainType":"firstParty","resourceTypes":["image"],"urlFilter":"||digiboy.ir/wp-content/img/sponsors^"},"id":336,"priority":10},
{"action":{"type":"block"},"condition":{"domainType":"firstParty","resourceTypes":["image"],"urlFilter":"||downloadha.com/pic/*.gif^"},"id":337,"priority":10},
{"action":{"type":"block"},"condition":{"domainType":"firstParty","resourceTypes":["image"],"urlFilter":"||gooya.com/ad/banners^"},"id":338,"priority":10},
{"action":{"type":"block"},"condition":{"domainType":"firstParty","resourceTypes":["image"],"urlFilter":"||news.gooya.com/*.gif^"},"id":339,"priority":10},
{"action":{"type":"block"},"condition":{"domainType":"firstParty","resourceTypes":["image"],"urlFilter":"||graphiran.com/wp-content/uploads/2014/11/ads468.png^"},"id":340,"priority":10},
{"action":{"type":"block"},"condition":{"domainType":"firstParty","resourceTypes":["image"],"urlFilter":"||graphiran.com/wp-content/uploads/2018/08/ds240.png^"},"id":341,"priority":10},
{"action":{"type":"block"},"condition":{"domainType":"firstParty","resourceTypes":["image"],"urlFilter":"||iica.ir/images/*.gif^"},"id":342,"priority":10},
{"action":{"type":"block"},"condition":{"domainType":"firstParty","resourceTypes":["image"],"urlFilter":"||iranzamin.news/img/new/ads-"},"id":343,"priority":10},
{"action":{"type":"block"},"condition":{"domainType":"firstParty","initiatorDomains":["my.irancell.ir"],"resourceTypes":["image"],"urlFilter":"||cdn-ngmy.irancell.ir/assets/images/ads^"},"id":344,"priority":10},
{"action":{"type":"block"},"condition":{"domainType":"firstParty","resourceTypes":["image"],"urlFilter":"||iranjib.ir/uploads/*.gif^"},"id":345,"priority":10},
{"action":{"type":"block"},"condition":{"domainType":"firstParty","resourceTypes":["image"],"urlFilter":"||irannaz.com/ax/*.gif^"},"id":346,"priority":10},
{"action":{"type":"block"},"condition":{"domainType":"firstParty","resourceTypes":["image"],"urlFilter":"||cdn.ilna.ir/servev2/*.gif^"},"id":347,"priority":10},
{"action":{"type":"block"},"condition":{"domainType":"firstParty","resourceTypes":["image"],"urlFilter":"||isna.ir/sd/*.gif^"},"id":348,"priority":10},
{"action":{"type":"block"},"condition":{"domainType":"firstParty","resourceTypes":["image"],"urlFilter":"||khabarerooz.com/servev2/*.gif"},"id":349,"priority":10},
{"action":{"type":"block"},"condition":{"domainType":"firstParty","resourceTypes":["image"],"urlFilter":"||dl.konkur.in/image/ads^"},"id":350,"priority":10},
{"action":{"type":"block"},"condition":{"domainType":"firstParty","resourceTypes":["image"],"urlFilter":"||images.kojaro.com/*.gif^"},"id":351,"priority":10},
{"action":{"type":"block"},"condition":{"domainType":"firstParty","resourceTypes":["image"],"urlFilter":"||mihantrader.com/media/images/ad^"},"id":352,"priority":10},
{"action":{"type":"block"},"condition":{"domainType":"firstParty","resourceTypes":["image"],"urlFilter":"||musicdel.ir/source.gif^"},"id":353,"priority":10},
{"action":{"type":"block"},"condition":{"domainType":"firstParty","resourceTypes":["image"],"urlFilter":"||nournews.ir/media/photo/*.webp^"},"id":354,"priority":10},
{"action":{"type":"block"},"condition":{"domainType":"firstParty","resourceTypes":["image"],"urlFilter":"||nournews.ir/media/photo/*.gif^"},"id":355,"priority":10},
{"action":{"type":"block"},"condition":{"domainType":"firstParty","resourceTypes":["image"],"urlFilter":"||files.niniplus.com/uploads2/advertise^"},"id":356,"priority":10},
{"action":{"type":"block"},"condition":{"domainType":"firstParty","resourceTypes":["image"],"urlFilter":"||niloblog.com/images/ads^"},"id":357,"priority":10},
{"action":{"type":"block"},"condition":{"domainType":"firstParty","resourceTypes":["image"],"urlFilter":"||fs.noorgram.ir/pic/*.gif^"},"id":358,"priority":10},
{"action":{"type":"block"},"condition":{"domainType":"firstParty","resourceTypes":["image"],"urlFilter":"||cdn.niniban.com/servev2/*.gif^"},"id":359,"priority":10},
{"action":{"type":"block"},"condition":{"domainType":"firstParty","resourceTypes":["image"],"urlFilter":"||persiansub.com/images/*.gif^"},"id":360,"priority":10},
{"action":{"type":"block"},"condition":{"domainType":"firstParty","resourceTypes":["image"],"urlFilter":"||dl.prozhedownload.com/pd/*.gif^"},"id":361,"priority":10},
{"action":{"type":"block"},"condition":{"domainType":"firstParty","resourceTypes":["image"],"urlFilter":"||pluginyab.ir/ads^"},"id":362,"priority":10},
{"action":{"type":"block"},"condition":{"domainType":"firstParty","resourceTypes":["image"],"urlFilter":"||payju.ir/sites/default/files/*.gif^"},"id":363,"priority":10},
{"action":{"type":"block"},"condition":{"domainType":"firstParty","resourceTypes":["image"],"urlFilter":"||payju.ir/sites/all/themes/peyjo/ads^"},"id":364,"priority":10},
{"action":{"type":"block"},"condition":{"domainType":"firstParty","resourceTypes":["image"],"urlFilter":"||i1.payamekhabar.ir/dbox/photos^"},"id":365,"priority":10},
{"action":{"type":"block"},"condition":{"domainType":"firstParty","resourceTypes":["image","media"],"urlFilter":"||p30day.ir/images/tabligh"},"id":366,"priority":10},
{"action":{"type":"block"},"condition":{"domainType":"firstParty","resourceTypes":["image"],"urlFilter":"||parsnaz.com/ads^"},"id":367,"priority":10},
{"action":{"type":"block"},"condition":{"domainType":"firstParty","resourceTypes":["image"],"urlFilter":"||parsnaz.com/ads-link^"},"id":368,"priority":10},
{"action":{"type":"block"},"condition":{"domainType":"firstParty","resourceTypes":["image"],"urlFilter":"||p30download.ir/page/*.gif^"},"id":369,"priority":10},
{"action":{"type":"block"},"condition":{"domainType":"firstParty","resourceTypes":["image"],"urlFilter":"||pgnews.ir/uploads/*.gif^"},"id":370,"priority":10},
{"action":{"type":"block"},"condition":{"domainType":"firstParty","resourceTypes":["image"],"urlFilter":"||img.patoghu.com/new^"},"id":371,"priority":10},
{"action":{"type":"block"},"condition":{"domainType":"firstParty","resourceTypes":["image"],"urlFilter":"||media.sedayebourse.ir/d/*.gif^"},"id":372,"priority":10},
{"action":{"type":"block"},"condition":{"domainType":"firstParty","resourceTypes":["image"],"urlFilter":"||soorban.com/adsimg^"},"id":373,"priority":10},
{"action":{"type":"block"},"condition":{"domainType":"firstParty","resourceTypes":["image"],"urlFilter":"||soorban.com/images/stories/banners^"},"id":374,"priority":10},
{"action":{"type":"block"},"condition":{"domainType":"firstParty","resourceTypes":["image"],"urlFilter":"||static.shahrekhabar.com/banner/*.gif^"},"id":375,"priority":10},
{"action":{"type":"block"},"condition":{"domainType":"firstParty","resourceTypes":["image"],"urlFilter":"||cdn.sargarme.com/uploads/*.gif"},"id":376,"priority":10},
{"action":{"type":"block"},"condition":{"domainType":"firstParty","resourceTypes":["image"],"urlFilter":"||shabakeh-mag.com/sites/default/files/*.gif^"},"id":377,"priority":10},
{"action":{"type":"block"},"condition":{"domainType":"firstParty","resourceTypes":["image"],"urlFilter":"||shabakeh-mag.com/sites/default/files/styles/shabake2_popular/public/images/ad^"},"id":378,"priority":10},
{"action":{"type":"block"},"condition":{"domainType":"firstParty","resourceTypes":["image"],"urlFilter":"||sheypoor.com/banner/tapsell/image^"},"id":379,"priority":10},
{"action":{"type":"block"},"condition":{"domainType":"firstParty","resourceTypes":["image"],"urlFilter":"||cdn.shomanews.com/servev2/*.gif"},"id":380,"priority":10},
{"action":{"type":"block"},"condition":{"domainType":"firstParty","resourceTypes":["image"],"urlFilter":"||sarzamindownload.com/images/banners^"},"id":381,"priority":10},
{"action":{"type":"block"},"condition":{"domainType":"firstParty","resourceTypes":["image"],"urlFilter":"||softgozar.com/image/siteade^"},"id":382,"priority":10},
{"action":{"type":"block"},"condition":{"domainType":"firstParty","resourceTypes":["image"],"urlFilter":"||saednews.com/bnr-ad^"},"id":383,"priority":10},
{"action":{"type":"block"},"condition":{"domainType":"firstParty","resourceTypes":["image"],"urlFilter":"||media.saat24.news/d/*.gif"},"id":384,"priority":10},
{"action":{"type":"block"},"condition":{"domainType":"firstParty","resourceTypes":["image"],"urlFilter":"||tajrobe.wiki/images/ads^"},"id":385,"priority":10},
{"action":{"type":"block"},"condition":{"domainType":"firstParty","resourceTypes":["image"],"urlFilter":"||targoman.ir/img/ads^"},"id":386,"priority":10},
{"action":{"type":"block"},"condition":{"domainType":"firstParty","resourceTypes":["image"],"urlFilter":"||tinroid.ir/images/ads^"},"id":387,"priority":10},
{"action":{"type":"block"},"condition":{"domainType":"firstParty","resourceTypes":["image"],"urlFilter":"||tmk.ir/v1/jwplayer6/ping.gif^"},"id":388,"priority":10},
{"action":{"type":"block"},"condition":{"domainType":"firstParty","resourceTypes":["image"],"urlFilter":"||static.tgju.org/advertisement^"},"id":389,"priority":10},
{"action":{"type":"block"},"condition":{"domainType":"firstParty","resourceTypes":["image"],"urlFilter":"||tarafdari.com/sites/all/themes/hope/images/ad_home_page.jpg^"},"id":390,"priority":10},
{"action":{"type":"block"},"condition":{"domainType":"firstParty","resourceTypes":["image"],"urlFilter":"||tarafdari.com/sites/all/themes/hope/images/advertise^"},"id":391,"priority":10},
{"action":{"type":"block"},"condition":{"domainType":"firstParty","resourceTypes":["image"],"urlFilter":"||uploadboy.com/banner^"},"id":392,"priority":10},
{"action":{"type":"block"},"condition":{"domainType":"firstParty","resourceTypes":["image"],"urlFilter":"||uploadboy.com/images/*.gif^"},"id":393,"priority":10},
{"action":{"type":"block"},"condition":{"domainType":"firstParty","resourceTypes":["image"],"urlFilter":"||uploadb.com/banner^"},"id":394,"priority":10},
{"action":{"type":"block"},"condition":{"domainType":"firstParty","resourceTypes":["image"],"urlFilter":"||uploadb.com/images/*.gif^"},"id":395,"priority":10},
{"action":{"type":"block"},"condition":{"domainType":"firstParty","resourceTypes":["image"],"urlFilter":"||varazendegi.com/_next/image?url=*.gif^"},"id":396,"priority":10},
{"action":{"type":"block"},"condition":{"domainType":"firstParty","resourceTypes":["image"],"urlFilter":"||vazeh.com/banners/us/*.gif^"},"id":397,"priority":10},
{"action":{"type":"block"},"condition":{"domainType":"firstParty","resourceTypes":["image"],"urlFilter":"||vista.ir/ads^"},"id":398,"priority":10},
{"action":{"type":"block"},"condition":{"domainType":"firstParty","resourceTypes":["image","xmlhttprequest"],"urlFilter":"||gateway.wisgoon.com/services/vast^"},"id":399,"priority":10},
{"action":{"type":"block"},"condition":{"domainType":"firstParty","resourceTypes":["image"],"urlFilter":"||webgozar.com/adimg^"},"id":400,"priority":10},
{"action":{"type":"block"},"condition":{"domainType":"firstParty","resourceTypes":["image"],"urlFilter":"||zibamoon.com/files/ads/"},"id":401,"priority":10},
{"action":{"type":"block"},"condition":{"domainType":"firstParty","resourceTypes":["script"],"urlFilter":"||blogfa.com/a^"},"id":402,"priority":10},
{"action":{"type":"block"},"condition":{"domainType":"firstParty","resourceTypes":["script"],"urlFilter":"||niloblog.com/ads.js^"},"id":403,"priority":10},
{"action":{"type":"block"},"condition":{"domainType":"firstParty","resourceTypes":["script"],"urlFilter":"||parsiblog.com/ga.js^"},"id":404,"priority":10},
{"action":{"type":"block"},"condition":{"domainType":"firstParty","resourceTypes":["script"],"urlFilter":"||alibaba.ir/adtrace-latest.min.js^"},"id":405,"priority":10},
{"action":{"type":"block"},"condition":{"domainType":"firstParty","resourceTypes":["script"],"urlFilter":"||links.aftab.cc/js.php^"},"id":406,"priority":10},
{"action":{"type":"block"},"condition":{"domainType":"firstParty","resourceTypes":["script"],"urlFilter":"||ac.ir/common/scripts/analytics/meetinglaunchia.js^"},"id":407,"priority":10},
{"action":{"type":"block"},"condition":{"domainType":"firstParty","resourceTypes":["script"],"urlFilter":"||abadis.ir/libs/async/ads.min.js^"},"id":408,"priority":10},
{"action":{"type":"block"},"condition":{"domainType":"firstParty","resourceTypes":["script"],"urlFilter":"||androidina.net/analytics.js^"},"id":409,"priority":10},
{"action":{"type":"block"},"condition":{"domainType":"firstParty","resourceTypes":["script"],"urlFilter":"||web.bale.ai/static/js/web-vitals."},"id":410,"priority":10},
{"action":{"type":"block"},"condition":{"domainType":"firstParty","resourceTypes":["script"],"urlFilter":"||divar.ir/g-scripts^"},"id":411,"priority":10},
{"action":{"type":"block"},"condition":{"domainType":"firstParty","resourceTypes":["script"],"urlFilter":"||ejiga.com/content/player/js/rmp-vast.js^"},"id":412,"priority":10},
{"action":{"type":"block"},"condition":{"domainType":"firstParty","resourceTypes":["script"],"urlFilter":"||footballi.net/assets/shared-application/scripts/jwplayer/vast.js^"},"id":413,"priority":10},
{"action":{"type":"block"},"condition":{"domainType":"firstParty","resourceTypes":["script"],"urlFilter":"||getandroid.ir/files/js/landing"},"id":414,"priority":10},
{"action":{"type":"block"},"condition":{"domainType":"firstParty","resourceTypes":["script"],"urlFilter":"||iranjib.ir/js/analytics"},"id":415,"priority":10},
{"action":{"type":"block"},"condition":{"domainType":"firstParty","resourceTypes":["script"],"urlFilter":"||jobvision.ir/assets/js/webengage-min-"},"id":416,"priority":10},
{"action":{"type":"block"},"condition":{"domainType":"firstParty","resourceTypes":["script"],"urlFilter":"||kojaro.com/kojaro/ui/js/banner.js^"},"id":417,"priority":10},
{"action":{"type":"block"},"condition":{"domainType":"firstParty","resourceTypes":["script"],"urlFilter":"||musicdel.ir/danga4.js^"},"id":418,"priority":10},
{"action":{"type":"block"},"condition":{"domainType":"firstParty","resourceTypes":["script"],"urlFilter":"||mihanvideo.com/static/js/video_player/jwplayer/plugins/vast/vast.js^"},"id":419,"priority":10},
{"action":{"type":"block"},"condition":{"domainType":"firstParty","resourceTypes":["script"],"urlFilter":"||mihanvideo.com/static/js/video_player/jwplayer/*/jwpsrv.js^"},"id":420,"priority":10},
{"action":{"type":"block"},"condition":{"domainType":"firstParty","resourceTypes":["script"],"urlFilter":"||stats.nournews.ir/nournews.js^"},"id":421,"priority":10},
{"action":{"type":"block"},"condition":{"domainType":"firstParty","resourceTypes":["script"],"urlFilter":"||power-music.ir/sw.js^"},"id":422,"priority":10},
{"action":{"type":"block"},"condition":{"domainType":"firstParty","resourceTypes":["script"],"urlFilter":"||patoghu.com/n/d^"},"id":423,"priority":10},
{"action":{"type":"block"},"condition":{"domainType":"firstParty","resourceTypes":["script"],"urlFilter":"||patoghu.com/analytics.js^"},"id":424,"priority":10},
{"action":{"type":"block"},"condition":{"domainType":"firstParty","resourceTypes":["script"],"urlFilter":"||img.patoghu.com/patoghu-"},"id":425,"priority":10},
{"action":{"type":"block"},"condition":{"domainType":"firstParty","resourceTypes":["script"],"urlFilter":"||qnama.ir/ipop.js^"},"id":426,"priority":10},
{"action":{"type":"block"},"condition":{"domainType":"firstParty","resourceTypes":["script"],"urlFilter":"||rasaneh3.ir/popup.js^"},"id":427,"priority":10},
{"action":{"type":"block"},"condition":{"domainType":"firstParty","resourceTypes":["script"],"urlFilter":"||shomanews.com/player/vastlink.js^"},"id":428,"priority":10},
{"action":{"type":"block"},"condition":{"domainType":"firstParty","resourceTypes":["script"],"urlFilter":"||shomanews.com/player/vast.js^"},"id":429,"priority":10},
{"action":{"type":"block"},"condition":{"domainType":"firstParty","resourceTypes":["script"],"urlFilter":"||sarzamindownload.com/ppjs/free/freepop.js^"},"id":430,"priority":10},
{"action":{"type":"block"},"condition":{"domainType":"firstParty","resourceTypes":["script"],"urlFilter":"||targoman.ir/autotrack.js^"},"id":431,"priority":10},
{"action":{"type":"block"},"condition":{"domainType":"firstParty","resourceTypes":["script"],"urlFilter":"||tmk.ir/src/jw/jwpsrv.js^"},"id":432,"priority":10},
{"action":{"type":"block"},"condition":{"domainType":"firstParty","resourceTypes":["script"],"urlFilter":"||tak3da.com/wp-content/plugins/popup-builder^"},"id":433,"priority":10},
{"action":{"type":"block"},"condition":{"domainType":"firstParty","resourceTypes":["script"],"urlFilter":"||tvrooz.com/analytics.js^"},"id":434,"priority":10},
{"action":{"type":"block"},"condition":{"domainType":"firstParty","resourceTypes":["script"],"urlFilter":"||tvrooz.com/tvrooz-analytics.js^"},"id":435,"priority":10},
{"action":{"type":"block"},"condition":{"domainType":"firstParty","resourceTypes":["script"],"urlFilter":"||technolife.ir/image/affili.js^"},"id":436,"priority":10},
{"action":{"type":"block"},"condition":{"domainType":"firstParty","resourceTypes":["script"],"urlFilter":"||technolife.ir/image/sanjagh.js^"},"id":437,"priority":10},
{"action":{"type":"block"},"condition":{"domainType":"firstParty","resourceTypes":["script"],"urlFilter":"||technolife.ir/image/najvascript.js^"},"id":438,"priority":10},
{"action":{"type":"block"},"condition":{"domainType":"firstParty","resourceTypes":["script"],"urlFilter":"||technolife.ir/image/deema0.js^"},"id":439,"priority":10},
{"action":{"type":"block"},"condition":{"domainType":"firstParty","resourceTypes":["script"],"urlFilter":"||technolife.ir/image/deemascript.js^"},"id":440,"priority":10},
{"action":{"type":"block"},"condition":{"domainType":"firstParty","resourceTypes":["script"],"urlFilter":"||technolife.ir/image/yektanetscript.js^"},"id":441,"priority":10},
{"action":{"type":"block"},"condition":{"domainType":"firstParty","resourceTypes":["script"],"urlFilter":"||takhfifan.com/static/matomo.js^"},"id":442,"priority":10},
{"action":{"type":"block"},"condition":{"domainType":"firstParty","resourceTypes":["script"],"urlFilter":"||upmusics.com/mtnir.js^"},"id":443,"priority":10},
{"action":{"type":"block"},"condition":{"domainType":"firstParty","resourceTypes":["xmlhttprequest"],"urlFilter":"/wp-admin/admin-ajax.php?postviews_id="},"id":444,"priority":10},
{"action":{"type":"block"},"condition":{"domainType":"firstParty","resourceTypes":["xmlhttprequest"],"urlFilter":"||api.yek.link/api/landing/click^"},"id":445,"priority":10},
{"action":{"type":"block"},"condition":{"domainType":"firstParty","resourceTypes":["xmlhttprequest"],"urlFilter":"||appreview.ir/advertisement/counter^"},"id":446,"priority":10},
{"action":{"type":"block"},"condition":{"domainType":"firstParty","resourceTypes":["xmlhttprequest"],"urlFilter":"||nodes.alaatv.com/upload/vast/xml^"},"id":447,"priority":10},
{"action":{"type":"block"},"condition":{"domainType":"firstParty","requestMethods":["options","post"],"resourceTypes":["xmlhttprequest"],"urlFilter":"||next-api.bale.ai/bale.seraj_proxy.v1.serajproxy/sendserajevent^"},"id":448,"priority":10},
{"action":{"type":"block"},"condition":{"domainType":"firstParty","requestMethods":["options","post"],"resourceTypes":["xmlhttprequest"],"urlFilter":"||next-api.bale.ai/bale.advertisement.v1.advertisement/getadprovider^"},"id":449,"priority":10},
{"action":{"type":"block"},"condition":{"domainType":"firstParty","requestMethods":["options","post"],"resourceTypes":["xmlhttprequest"],"urlFilter":"||next-api.bale.ai/bale.presence.v1.presence/setonline^"},"id":450,"priority":10},
{"action":{"type":"block"},"condition":{"domainType":"firstParty","requestMethods":["options","post"],"resourceTypes":["xmlhttprequest"],"urlFilter":"||next-api.bale.ai/bale.presence.v1.presence/typing^"},"id":451,"priority":10},
{"action":{"type":"block"},"condition":{"domainType":"firstParty","requestMethods":["options","post"],"resourceTypes":["xmlhttprequest"],"urlFilter":"||next-api.bale.ai/bale.presence.v1.presence/stoptyping^"},"id":452,"priority":10},
{"action":{"type":"block"},"condition":{"domainType":"firstParty","resourceTypes":["xmlhttprequest"],"urlFilter":"||bama.ir/*/api/log^"},"id":453,"priority":10},
{"action":{"type":"block"},"condition":{"domainType":"firstParty","resourceTypes":["xmlhttprequest"],"urlFilter":"||dideo.tv/ad/adpack^"},"id":454,"priority":10},
{"action":{"type":"block"},"condition":{"domainType":"firstParty","resourceTypes":["xmlhttprequest"],"urlFilter":"||dlfox.com/wp-admin/admin-ajax.php?action=adwised_"},"id":455,"priority":10},
{"action":{"type":"block"},"condition":{"domainType":"firstParty","resourceTypes":["xmlhttprequest"],"urlFilter":"||api.divar.ir/v8/ad-auction^"},"id":456,"priority":10},
{"action":{"type":"block"},"condition":{"domainType":"firstParty","requestMethods":["post"],"resourceTypes":["xmlhttprequest"],"urlFilter":"||fam.ir/ngx_pagespeed_beacon^"},"id":457,"priority":10},
{"action":{"type":"block"},"condition":{"domainType":"firstParty","resourceTypes":["xmlhttprequest"],"urlFilter":"||filimo.com/external/romeo^"},"id":458,"priority":10},
{"action":{"type":"block"},"condition":{"domainType":"firstParty","resourceTypes":["xmlhttprequest"],"urlFilter":"||filimo.com/external/visitpost^"},"id":459,"priority":10},
{"action":{"type":"block"},"condition":{"domainType":"firstParty","resourceTypes":["xmlhttprequest"],"urlFilter":"||api.footballi.net/api/*/news/visit^"},"id":460,"priority":10},
{"action":{"type":"block"},"condition":{"domainType":"firstParty","resourceTypes":["xmlhttprequest"],"urlFilter":"||api.farsnews.ir/log^"},"id":461,"priority":10},
{"action":{"type":"block"},"condition":{"domainType":"firstParty","resourceTypes":["xmlhttprequest"],"urlFilter":"||isna.ir/rest/visit^"},"id":462,"priority":10},
{"action":{"type":"block"},"condition":{"domainType":"firstParty","resourceTypes":["xmlhttprequest"],"urlFilter":"||rest.karnameh.com/api/event_logs^"},"id":463,"priority":10},
{"action":{"type":"block"},"condition":{"domainType":"firstParty","resourceTypes":["xmlhttprequest"],"urlFilter":"||khabarerooz.com/linkhelpers^"},"id":464,"priority":10},
{"action":{"type":"block"},"condition":{"domainType":"firstParty","resourceTypes":["xmlhttprequest"],"urlFilter":"||konkur.in/wp-json/wpstatistics^"},"id":465,"priority":10},
{"action":{"type":"block"},"condition":{"domainType":"firstParty","requestMethods":["post"],"resourceTypes":["xmlhttprequest"],"urlFilter":"||lenz.ir/api/v3/frequents/playrecord^"},"id":466,"priority":10},
{"action":{"type":"block"},"condition":{"domainType":"firstParty","requestMethods":["post"],"resourceTypes":["xmlhttprequest"],"urlFilter":"||lenz.ir/api/v3/frequents/playheartbit^"},"id":467,"priority":10},
{"action":{"type":"block"},"condition":{"domainType":"firstParty","resourceTypes":["xmlhttprequest"],"urlFilter":"||melkana.com/ngx_pagespeed_beacon?url="},"id":468,"priority":10},
{"action":{"type":"block"},"condition":{"domainType":"firstParty","resourceTypes":["xmlhttprequest"],"urlFilter":"||berkechat.top/ajax/login.codes^"},"id":469,"priority":10},
{"action":{"type":"block"},"condition":{"domainType":"firstParty","resourceTypes":["xmlhttprequest"],"urlFilter":"||berkechat.top/ajax/chat.codes^"},"id":470,"priority":10},
{"action":{"type":"block"},"condition":{"domainType":"firstParty","resourceTypes":["xmlhttprequest"],"urlFilter":"||maxstars.ir/ajax/login.codes^"},"id":471,"priority":10},
{"action":{"type":"block"},"condition":{"domainType":"firstParty","resourceTypes":["xmlhttprequest"],"urlFilter":"||maxstars.ir/ajax/chat.codes^"},"id":472,"priority":10},
{"action":{"type":"block"},"condition":{"domainType":"firstParty","resourceTypes":["xmlhttprequest"],"urlFilter":"||mihanvideo.com/log^"},"id":473,"priority":10},
{"action":{"type":"block"},"condition":{"domainType":"firstParty","resourceTypes":["xmlhttprequest"],"urlFilter":"||noorlib.ir/inoorcdn/ads^"},"id":474,"priority":10},
{"action":{"type":"block"},"condition":{"domainType":"firstParty","requestMethods":["post"],"resourceTypes":["xmlhttprequest"],"urlFilter":"||noorlib.ir/api/book/insertclientbookvisitlog^"},"id":475,"priority":10},
{"action":{"type":"block"},"condition":{"domainType":"firstParty","requestMethods":["post"],"resourceTypes":["xmlhttprequest"],"urlFilter":"||noorlib.ir/api/user/setuserfootprintonbook^"},"id":476,"priority":10},
{"action":{"type":"block"},"condition":{"domainType":"firstParty","requestMethods":["post"],"resourceTypes":["xmlhttprequest"],"urlFilter":"||noorlib.ir/api/user/registeruserstudylog^"},"id":477,"priority":10},
{"action":{"type":"block"},"condition":{"domainType":"firstParty","requestMethods":["post"],"resourceTypes":["xmlhttprequest"],"urlFilter":"||search.paziresh24.com/seapi/stat^"},"id":478,"priority":10},
{"action":{"type":"block"},"condition":{"domainType":"firstParty","resourceTypes":["xmlhttprequest"],"urlFilter":"||search.paziresh24.com/seapi/stat/position^"},"id":479,"priority":10},
{"action":{"type":"block"},"condition":{"domainType":"firstParty","requestMethods":["post"],"resourceTypes":["xmlhttprequest"],"urlFilter":"||paziresh24.com/services/collector^"},"id":480,"priority":10},
{"action":{"type":"block"},"condition":{"domainType":"firstParty","resourceTypes":["xmlhttprequest"],"urlFilter":"||plaza.ir/location/find-client-location^"},"id":481,"priority":10},
{"action":{"type":"block"},"condition":{"domainType":"firstParty","resourceTypes":["xmlhttprequest"],"urlFilter":"||plaza.ir/wp-admin/admin-ajax.php?action=getclientdevicerelatedpostitems^"},"id":482,"priority":10},
{"action":{"type":"block"},"condition":{"domainType":"firstParty","requestMethods":["post"],"resourceTypes":["xmlhttprequest"],"urlFilter":"||p30konkor.com/wp-json/wordpress-popular-posts/v2/views/"},"id":483,"priority":10},
{"action":{"type":"block"},"condition":{"domainType":"firstParty","requestMethods":["post"],"resourceTypes":["xmlhttprequest"],"urlFilter":"||raavito.com/ws/usage/submit^"},"id":484,"priority":10},
{"action":{"type":"block"},"condition":{"domainType":"firstParty","resourceTypes":["xmlhttprequest"],"urlFilter":"||rond.ir/api/ns/common/web/advertisement/page^"},"id":485,"priority":10},
{"action":{"type":"block"},"condition":{"domainType":"firstParty","resourceTypes":["xmlhttprequest"],"urlFilter":"||safarmarket.com/api/ads^"},"id":486,"priority":10},
{"action":{"type":"block"},"condition":{"domainType":"firstParty","resourceTypes":["xmlhttprequest"],"urlFilter":"||safarmarket.com/api/core/analytics^"},"id":487,"priority":10},
{"action":{"type":"block"},"condition":{"domainType":"firstParty","resourceTypes":["xmlhttprequest"],"urlFilter":"||shabakeh-mag.com/modules/statistics/statistics.php^"},"id":488,"priority":10},
{"action":{"type":"block"},"condition":{"domainType":"firstParty","requestMethods":["post"],"resourceTypes":["xmlhttprequest"],"urlFilter":"||api.snapp.doctor/tweety/api/v1/journey^"},"id":489,"priority":10},
{"action":{"type":"block"},"condition":{"domainType":"firstParty","resourceTypes":["xmlhttprequest"],"urlFilter":"||shomanews.com/rss-rasa.php^"},"id":490,"priority":10},
{"action":{"type":"block"},"condition":{"domainType":"firstParty","resourceTypes":["xmlhttprequest"],"urlFilter":"||shomanews.com/rss-files.php^"},"id":491,"priority":10},
{"action":{"type":"block"},"condition":{"domainType":"firstParty","resourceTypes":["xmlhttprequest"],"urlFilter":"||saat24.news/rest/visit^"},"id":492,"priority":10},
{"action":{"type":"block"},"condition":{"domainType":"firstParty","requestMethods":["post"],"resourceTypes":["xmlhttprequest"],"urlFilter":"||gateway.telewebion.com/broker/api/v1/message/twplayer^"},"id":493,"priority":10},
{"action":{"type":"block"},"condition":{"domainType":"firstParty","requestMethods":["post"],"resourceTypes":["xmlhttprequest"],"urlFilter":"||gateway.telewebion.com/broker/api/v1/message/archive^"},"id":494,"priority":10},
{"action":{"type":"block"},"condition":{"domainType":"firstParty","requestMethods":["options","post"],"resourceTypes":["xmlhttprequest"],"urlFilter":"||gateway.telewebion.com/broker/api/v1/message/live^"},"id":495,"priority":10},
{"action":{"type":"block"},"condition":{"domainType":"firstParty","resourceTypes":["xmlhttprequest"],"urlFilter":"||tarafdari.com/advertise^"},"id":496,"priority":10},
{"action":{"type":"block"},"condition":{"domainType":"firstParty","requestMethods":["post"],"resourceTypes":["xmlhttprequest"],"urlFilter":"||tarafdari.com/modules/statistics/statistics.php^"},"id":497,"priority":10},
{"action":{"type":"block"},"condition":{"domainType":"firstParty","resourceTypes":["xmlhttprequest"],"urlFilter":"||api.virasty.com/log^"},"id":498,"priority":10},
{"action":{"type":"block"},"condition":{"domainType":"firstParty","resourceTypes":["xmlhttprequest"],"urlFilter":"||virgool.io/api2/app/users/relatedads^"},"id":499,"priority":10},
{"action":{"type":"block"},"condition":{"domainType":"firstParty","resourceTypes":["xmlhttprequest"],"urlFilter":"||virgool.io/api2/app/posts/*/ad^"},"id":500,"priority":10},
{"action":{"type":"block"},"condition":{"domainType":"firstParty","requestMethods":["post"],"resourceTypes":["xmlhttprequest"],"urlFilter":"||virgool.io/api2/app/session/start^"},"id":501,"priority":10},
{"action":{"type":"block"},"condition":{"domainType":"firstParty","requestMethods":["post"],"resourceTypes":["xmlhttprequest"],"urlFilter":"||virgool.io/api2/app/session/read-ratio^"},"id":502,"priority":10},
{"action":{"type":"block"},"condition":{"domainType":"firstParty","requestMethods":["post"],"resourceTypes":["xmlhttprequest"],"urlFilter":"||zarebin.ir/we/api/v1/web-enrich/elements?qsrc=user^"},"id":503,"priority":10},
{"action":{"type":"block"},"condition":{"domainType":"firstParty","requestMethods":["post"],"resourceTypes":["xmlhttprequest"],"urlFilter":"||cafevdo.zarebin.ir/api/v1/accounts/action^"},"id":504,"priority":10},
{"action":{"type":"block"},"condition":{"domainType":"firstParty","requestMethods":["post"],"resourceTypes":["xmlhttprequest"],"urlFilter":"||cafevdo.zarebin.ir/api/v1/events^"},"id":505,"priority":10},
{"action":{"type":"block"},"condition":{"domainType":"firstParty","resourceTypes":["xmlhttprequest"],"urlFilter":"||zinofilm.ir/wp-json/wp-statistics^"},"id":506,"priority":10},
{"action":{"type":"block"},"condition":{"domainType":"firstParty","initiatorDomains":["zoomg.ir","zoomit.ir"],"resourceTypes":["xmlhttprequest"],"urlFilter":"/ads^"},"id":507,"priority":10},
{"action":{"type":"block"},"condition":{"domainType":"firstParty","initiatorDomains":["zoomg.ir","zoomit.ir"],"resourceTypes":["xmlhttprequest"],"urlFilter":"/editorial/api/articles/*/visit^"},"id":508,"priority":10},
{"action":{"type":"block"},"condition":{"domainType":"firstParty","requestDomains":["vast.filmnet.ir"],"resourceTypes":["xmlhttprequest"]},"id":509,"priority":10},
{"action":{"type":"block"},"condition":{"domainType":"firstParty","resourceTypes":["sub_frame"],"urlFilter":"||bargozideha.com/ddd.html^"},"id":510,"priority":10},
{"action":{"type":"block"},"condition":{"domainType":"firstParty","resourceTypes":["sub_frame"],"urlFilter":"||gooya.com/ad/ads.php^"},"id":511,"priority":10},
{"action":{"type":"block"},"condition":{"domainType":"firstParty","resourceTypes":["sub_frame"],"urlFilter":"||varandaz.com/ifrah^"},"id":512,"priority":10},
{"action":{"type":"block"},"condition":{"domainType":"firstParty","resourceTypes":["media"],"urlFilter":"||binaopt.com/wp-content/uploads/*.webm^"},"id":513,"priority":10},
{"action":{"type":"block"},"condition":{"domainType":"firstParty","resourceTypes":["media"],"urlFilter":"||peivast.com/wp-content/uploads/*.webm"},"id":514,"priority":10},
{"action":{"type":"block"},"condition":{"domainType":"firstParty","resourceTypes":["websocket"],"urlFilter":"||ws.namava.ir/?%27usertoken=*&client_info=^"},"id":515,"priority":10},
{"action":{"type":"block"},"condition":{"domainType":"firstParty","resourceTypes":["ping"],"urlFilter":"||api.divar.ir/*/actionlog^"},"id":516,"priority":10},
{"action":{"type":"block"},"condition":{"domainType":"firstParty","resourceTypes":["ping"],"urlFilter":"||api.divar.ir/*/client-exporter/send-report^"},"id":517,"priority":10},
{"action":{"type":"block"},"condition":{"domainType":"firstParty","requestMethods":["post"],"resourceTypes":["ping"],"urlFilter":"||paziresh24.com/patient/api/webvitals^"},"id":518,"priority":10},
{"action":{"type":"block"},"condition":{"domainType":"thirdParty","requestDomains":["aasaam.com","akhbarrasmi.com","e-earn.ir","hamravesh.com","icanhazip.com","instant.page","linksaz.net","linkyar.com","my-pishvaz.com","nastooh.ir","peyvandha.ir","rasaaa.com","rokhdad.news","sendpulse.com","service.mytosheh.com","shahrekhabar.com","sibautomation.com","statcounter.com","titr.online","uptrendsdata.com","useinsider.com","webgozar.com","webgozar.ir","webpu.sh","widget.fafait.net"]},"id":519,"priority":10},
{"action":{"type":"block"},"condition":{"domainType":"thirdParty","urlFilter":"||simple-counter.com/hit.php^"},"id":520,"priority":10},
{"action":{"type":"block"},"condition":{"domainType":"thirdParty","initiatorDomains":["appreview.ir"],"requestDomains":["farazsms.com"]},"id":521,"priority":10},
{"action":{"type":"block"},"condition":{"domainType":"thirdParty","initiatorDomains":["bale.ai"],"requestDomains":["sentry.bale.sh"]},"id":522,"priority":10},
{"action":{"type":"block"},"condition":{"domainType":"thirdParty","initiatorDomains":["dolatebahar.ir"],"requestDomains":["sai.co.ir"]},"id":523,"priority":10},
{"action":{"type":"block"},"condition":{"domainType":"thirdParty","initiatorDomains":["divar.ir"],"requestDomains":["sentry.divar.cloud"]},"id":524,"priority":10},
{"action":{"type":"block"},"condition":{"domainType":"thirdParty","initiatorDomains":["download.ir"],"requestDomains":["vidiran.com"]},"id":525,"priority":10},
{"action":{"type":"block"},"condition":{"domainType":"thirdParty","initiatorDomains":["fastmobile.ir"],"requestDomains":["filmtarin.com"]},"id":526,"priority":10},
{"action":{"type":"block"},"condition":{"domainType":"thirdParty","initiatorDomains":["fidibo.com"],"requestDomains":["sentry.fidibo.net"]},"id":527,"priority":10},
{"action":{"type":"block"},"condition":{"domainType":"thirdParty","initiatorDomains":["footballi.net"],"requestDomains":["sentry.footballiapp.com"]},"id":528,"priority":10},
{"action":{"type":"block"},"condition":{"domainType":"thirdParty","initiatorDomains":["musicdel.ir"],"requestDomains":["danialtaherifar.ir"]},"id":529,"priority":10},
{"action":{"type":"block"},"condition":{"domainType":"thirdParty","initiatorDomains":["nabakhabar.ir"],"urlFilter":"||dl.3danews.ir/wp-content/uploads/*.gif^"},"id":530,"priority":10},
{"action":{"type":"block"},"condition":{"domainType":"thirdParty","initiatorDomains":["snappfood.ir"],"requestDomains":["ingest-data-afra.snappfood.dev"]},"id":531,"priority":10},
{"action":{"type":"block"},"condition":{"domainType":"thirdParty","urlFilter":"||shomanews.com/box.php^"},"id":532,"priority":10},
{"action":{"type":"block"},"condition":{"domainType":"thirdParty","resourceTypes":["image"],"urlFilter":"||alaqsastorm.com/aqsa/ads.php^"},"id":533,"priority":10},
{"action":{"type":"block"},"condition":{"domainType":"thirdParty","excludedInitiatorDomains":["soft98.ir"],"resourceTypes":["image"],"urlFilter":"||cdn.hostdl.com/img/*.gif"},"id":534,"priority":10},
{"action":{"type":"block"},"condition":{"domainType":"thirdParty","excludedInitiatorDomains":["soft98.ir"],"resourceTypes":["image"],"urlFilter":"||cdn.hostdl.com/banners/*.gif"},"id":535,"priority":10},
{"action":{"type":"block"},"condition":{"domainType":"thirdParty","excludedInitiatorDomains":["soft98.ir"],"resourceTypes":["image"],"urlFilter":"||cdn.hostdl.com/assets/*.gif"},"id":536,"priority":10},
{"action":{"type":"block"},"condition":{"domainType":"thirdParty","initiatorDomains":["bartarinha.ir"],"requestDomains":["novin.com"],"resourceTypes":["image"]},"id":537,"priority":10},
{"action":{"type":"block"},"condition":{"domainType":"thirdParty","initiatorDomains":["car.ir"],"resourceTypes":["image"],"urlFilter":"||car.last-cdn.com/uploads/files/*.gif^"},"id":538,"priority":10},
{"action":{"type":"block"},"condition":{"domainType":"thirdParty","initiatorDomains":["dailymobile.ir"],"requestDomains":["parsaspace.com"],"resourceTypes":["image"]},"id":539,"priority":10},
{"action":{"type":"block"},"condition":{"domainType":"thirdParty","initiatorDomains":["dlfox.com","javan-musics.com","konkur.in","varandaz.com"],"resourceTypes":["image"],"urlFilter":".gif^"},"id":540,"priority":10},
{"action":{"type":"block"},"condition":{"domainType":"thirdParty","initiatorDomains":["divar.ir"],"resourceTypes":["image"],"urlFilter":"||divarcdn.com/ssp/ads^"},"id":541,"priority":10},
{"action":{"type":"block"},"condition":{"domainType":"thirdParty","initiatorDomains":["gamemods.ir"],"requestDomains":["mihanwebhost.com"],"resourceTypes":["image"]},"id":542,"priority":10},
{"action":{"type":"block"},"condition":{"domainType":"thirdParty","initiatorDomains":["ninisite.com"],"resourceTypes":["image"],"urlFilter":"||ninifile.com/statics/tabl^"},"id":543,"priority":10},
{"action":{"type":"block"},"condition":{"domainType":"thirdParty","initiatorDomains":["scienceforfree.blog.ir"],"requestDomains":["numberland.ir","parsvds.com"],"resourceTypes":["image"]},"id":544,"priority":10},
{"action":{"type":"block"},"condition":{"domainType":"thirdParty","resourceTypes":["image"],"urlFilter":"||safarmarket.com/api/v1/trace^"},"id":545,"priority":10},
{"action":{"type":"block"},"condition":{"domainType":"thirdParty","initiatorDomains":["zendegionline.ir"],"resourceTypes":["image"],"urlFilter":"||cdnfa.com/*.gif^"},"id":546,"priority":10},
{"action":{"type":"block"},"condition":{"domainType":"thirdParty","resourceTypes":["script"],"urlFilter":"||asreasia.com/piwik^"},"id":547,"priority":10},
{"action":{"type":"block"},"condition":{"domainType":"thirdParty","resourceTypes":["script"],"urlFilter":"||1abzar.ir/abzar/tools/porbazdid^"},"id":548,"priority":10},
{"action":{"type":"block"},"condition":{"domainType":"thirdParty","resourceTypes":["script"],"urlFilter":"||1abzar.ir/abzar/tools/stat^"},"id":549,"priority":10},
{"action":{"type":"block"},"condition":{"domainType":"thirdParty","resourceTypes":["script"],"urlFilter":"||1abzar.ir/abzar/tools/post-view^"},"id":550,"priority":10},
{"action":{"type":"block"},"condition":{"domainType":"thirdParty","resourceTypes":["script"],"urlFilter":"||1abzaar.ir/abzar/tools/no-selects.js^"},"id":551,"priority":10},
{"action":{"type":"block"},"condition":{"domainType":"thirdParty","resourceTypes":["script"],"urlFilter":"||1abzaar.ir/abzar/tools/no-rightclick.js^"},"id":552,"priority":10},
{"action":{"type":"block"},"condition":{"domainType":"thirdParty","resourceTypes":["script"],"urlFilter":"||1abzar.ir/abzar/tools/behesht/?mod="},"id":553,"priority":10},
{"action":{"type":"block"},"condition":{"domainType":"thirdParty","resourceTypes":["script"],"urlFilter":"||takskin.com/tools/online^"},"id":554,"priority":10},
{"action":{"type":"block"},"condition":{"domainType":"thirdParty","resourceTypes":["script"],"urlFilter":"||takskin.com/tools/show-ip^"},"id":555,"priority":10},
{"action":{"type":"block"},"condition":{"domainType":"thirdParty","resourceTypes":["script"],"urlFilter":"||takskin.com/abzar/norightclick/norightclick.js^"},"id":556,"priority":10},
{"action":{"type":"block"},"condition":{"domainType":"thirdParty","resourceTypes":["script"],"urlFilter":"||tool.4tools.ir/tools/click-c/click-c.js^"},"id":557,"priority":10},
{"action":{"type":"block"},"condition":{"domainType":"thirdParty","resourceTypes":["script"],"urlFilter":"||tool.4tools.ir/tools/click-l/click-l.js^"},"id":558,"priority":10},
{"action":{"type":"block"},"condition":{"domainType":"thirdParty","resourceTypes":["script"],"urlFilter":"||toshare.io/dl/download.php^"},"id":559,"priority":10},
{"action":{"type":"block"},"condition":{"domainType":"thirdParty","resourceTypes":["script"],"urlFilter":"||api.zin.co.com/assets/as/load.js^"},"id":560,"priority":10},
{"action":{"type":"block"},"condition":{"domainType":"thirdParty","initiatorDomains":["vazeh.com"],"requestDomains":["jaarchee.ir","sahandpress.ir"],"resourceTypes":["script"]},"id":561,"priority":10},
{"action":{"type":"block"},"condition":{"domainType":"thirdParty","requestDomains":["rentinal.info","spotyfile.com"],"resourceTypes":["script"]},"id":562,"priority":10},
{"action":{"type":"block"},"condition":{"domainType":"thirdParty","initiatorDomains":["najiremix.ir","nex11music.ir","show-music.ir"],"resourceTypes":["script"]},"id":563,"priority":10},
{"action":{"type":"block"},"condition":{"domainType":"thirdParty","resourceTypes":["xmlhttprequest"],"urlFilter":"||api.yeklinks.ir/api/landing/click^"},"id":564,"priority":10},
{"action":{"type":"block"},"condition":{"domainType":"thirdParty","resourceTypes":["xmlhttprequest"],"urlFilter":"||api.yeklinks.ir/api/domain/*/view^"},"id":565,"priority":10},
{"action":{"type":"block"},"condition":{"domainType":"thirdParty","resourceTypes":["xmlhttprequest"],"urlFilter":"||hamrahi.cloud/drive-endpoint.log^"},"id":566,"priority":10},
{"action":{"type":"block"},"condition":{"domainType":"thirdParty","resourceTypes":["xmlhttprequest"],"urlFilter":"||hamrahi.cloud/video-timeline.log^"},"id":567,"priority":10},
{"action":{"type":"block"},"condition":{"domainType":"thirdParty","initiatorDomains":["zoomg.ir","zoomit.ir"],"resourceTypes":["xmlhttprequest"],"urlFilter":"||theforge.ir/intake/v2/rum/events^"},"id":568,"priority":10},
{"action":{"type":"block"},"condition":{"domainType":"thirdParty","initiatorDomains":["kojaro.com"],"resourceTypes":["sub_frame"]},"id":569,"priority":10},
{"action":{"type":"block"},"condition":{"domainType":"thirdParty","resourceTypes":["sub_frame"],"urlFilter":"||xxx.atlas-music.ir/tab.php^"},"id":570,"priority":10},
{"action":{"type":"block"},"condition":{"domainType":"thirdParty","initiatorDomains":["music-irani.com"],"requestDomains":["skmusic.ir"],"resourceTypes":["media"]},"id":571,"priority":10},
{"action":{"type":"block"},"condition":{"initiatorDomains":["wisgoon.com"],"resourceTypes":["sub_frame"],"urlFilter":"||imasdk.googleapis.com/js/core/bridge*.html"},"id":572,"priority":40},
{"action":{"type":"allow"},"condition":{"urlFilter":"||sourceiran.com/wp-content/uploads/300-250.jpg"},"id":573,"priority":30},
{"action":{"type":"allow"},"condition":{"urlFilter":"||tamin.ir/content/ads/"},"id":574,"priority":30},
{"action":{"type":"allow"},"condition":{"domainType":"firstParty","urlFilter":"||ads.beytoote.com/live_chat"},"id":575,"priority":30},
{"action":{"type":"allow"},"condition":{"domainType":"firstParty","resourceTypes":["image"],"urlFilter":"||asandl.com/ads/img/asandl-"},"id":576,"priority":30},
{"action":{"type":"allow"},"condition":{"domainType":"firstParty","resourceTypes":["image"],"urlFilter":"||blogfa.com/static/ads/"},"id":577,"priority":30},
{"action":{"type":"allow"},"condition":{"domainType":"firstParty","resourceTypes":["image"],"urlFilter":"||beytoote.com/ads/images_"},"id":578,"priority":30},
{"action":{"type":"allow"},"condition":{"domainType":"firstParty","resourceTypes":["image"],"urlFilter":"||boyernews.com/wp-content/plugins/fadvertisement/images/be7c40ce-baea-954a-b842-c98f3423eb1d.jpg"},"id":579,"priority":30},
{"action":{"type":"allow"},"condition":{"domainType":"firstParty","resourceTypes":["image"],"urlFilter":"||boyernews.com/wp-content/plugins/fadvertisement/images/e77fb7b0-c797-40c2-d105-545084ee2e57.jpg"},"id":580,"priority":30},
{"action":{"type":"allow"},"condition":{"domainType":"firstParty","resourceTypes":["image"],"urlFilter":"||chetor.com/wp-content/uploads/2016/04/instagram-banner.chetor-media2.gif"},"id":581,"priority":30},
{"action":{"type":"allow"},"condition":{"domainType":"firstParty","resourceTypes":["image"],"urlFilter":"||chetor.com/wp-content/uploads/2021/07/book-banner.1250.240.2.gif"},"id":582,"priority":30},
{"action":{"type":"allow"},"condition":{"domainType":"firstParty","resourceTypes":["image"],"urlFilter":"||caffecinema.com/media/banners/telegram-"},"id":583,"priority":30},
{"action":{"type":"allow"},"condition":{"domainType":"firstParty","resourceTypes":["image"],"urlFilter":"||faaltarin.com/advertise-files/thumbnail"},"id":584,"priority":30},
{"action":{"type":"allow"},"condition":{"domainType":"firstParty","resourceTypes":["image"],"urlFilter":"||iwo.ir/ads.jpg"},"id":585,"priority":30},
{"action":{"type":"allow"},"condition":{"domainType":"firstParty","resourceTypes":["image"],"urlFilter":"||iwo.ir/data/home/ads.gif"},"id":586,"priority":30},
{"action":{"type":"allow"},"condition":{"domainType":"firstParty","resourceTypes":["image"],"urlFilter":"||dl.konkur.in/image/ads/g-logo.jpg^"},"id":587,"priority":30},
{"action":{"type":"allow"},"condition":{"domainType":"firstParty","resourceTypes":["image"],"urlFilter":"||dl.konkur.in/image/ads/tlogo.png^"},"id":588,"priority":30},
{"action":{"type":"allow"},"condition":{"domainType":"firstParty","resourceTypes":["image"],"urlFilter":"||dl.konkur.in/image/ads/gold.png^"},"id":589,"priority":30},
{"action":{"type":"allow"},"condition":{"domainType":"firstParty","resourceTypes":["image"],"urlFilter":"||miniroid.com/img/ads/whatsapp-dl.jpg^"},"id":590,"priority":30},
{"action":{"type":"allow"},"condition":{"domainType":"firstParty","resourceTypes":["image"],"urlFilter":"||miniroid.com/img/ads/instagram-dl.png^"},"id":591,"priority":30},
{"action":{"type":"allow"},"condition":{"domainType":"firstParty","resourceTypes":["image"],"urlFilter":"||miniroid.com/img/ads/telegram-wdl.jpg^"},"id":592,"priority":30},
{"action":{"type":"allow"},"condition":{"domainType":"firstParty","resourceTypes":["image"],"urlFilter":"||meghdadit.com/files/ad/"},"id":593,"priority":30},
{"action":{"type":"allow"},"condition":{"domainType":"firstParty","resourceTypes":["image"],"urlFilter":"||mag.meghdadit.com/wp-content/uploads/2022/05/advertising-in-telegram"},"id":594,"priority":30},
{"action":{"type":"allow"},"condition":{"domainType":"firstParty","resourceTypes":["image"],"urlFilter":"||niksalehi.com/wp-content/uploads/*/adv"},"id":595,"priority":30},
{"action":{"type":"allow"},"condition":{"domainType":"firstParty","resourceTypes":["image"],"urlFilter":"||nex1music.ir/upload/ads/"},"id":596,"priority":30},
{"action":{"type":"allow"},"condition":{"domainType":"firstParty","initiatorDomains":["payju.ir"],"resourceTypes":["image"],"urlFilter":"/advertise/"},"id":597,"priority":30},
{"action":{"type":"allow"},"condition":{"domainType":"firstParty","resourceTypes":["image"],"urlFilter":"||parsiblog.com/adv/imgs/"},"id":598,"priority":30},
{"action":{"type":"allow"},"condition":{"domainType":"firstParty","resourceTypes":["image"],"urlFilter":"||persianv.com/wp-content/uploads/*/adv-"},"id":599,"priority":30},
{"action":{"type":"allow"},"condition":{"domainType":"firstParty","resourceTypes":["image"],"urlFilter":"||sarzamindownload.com/images/ads_place.jpg"},"id":600,"priority":30},
{"action":{"type":"allow"},"condition":{"domainType":"firstParty","resourceTypes":["image"],"urlFilter":"||1000site.ir/asset/images/images/adpage/"},"id":601,"priority":30},
{"action":{"type":"allow"},"condition":{"domainType":"firstParty","resourceTypes":["image"],"urlFilter":"||1000site.ir/home/ads/asset/favicon.ico"},"id":602,"priority":30},
{"action":{"type":"allow"},"condition":{"domainType":"firstParty","resourceTypes":["image"],"urlFilter":"||toranji.ir/wp-content/uploads/*/toranji-banner-ad-"},"id":603,"priority":30},
{"action":{"type":"allow"},"condition":{"domainType":"firstParty","resourceTypes":["image"],"urlFilter":"||webii.ir/upload/ads/"},"id":604,"priority":30},
{"action":{"type":"allow"},"condition":{"domainType":"firstParty","resourceTypes":["script"],"urlFilter":"||beytoote.com/ads/js/"},"id":605,"priority":30},
{"action":{"type":"allow"},"condition":{"domainType":"thirdParty","resourceTypes":["stylesheet"],"urlFilter":"||player.tavoos.net/tavoos-player.css"},"id":606,"priority":30},
{"action":{"type":"allow"},"condition":{"domainType":"thirdParty","resourceTypes":["stylesheet"],"urlFilter":"||tavoos.net/tavoos_player/jwplayer/tavoos-player.css"},"id":607,"priority":30},
{"action":{"type":"allow"},"condition":{"domainType":"thirdParty","initiatorDomains":["fararu.com","gostaresh.news"],"resourceTypes":["stylesheet"],"urlFilter":"||yektanet.com/static/video-js.min.css^"},"id":608,"priority":30},
{"action":{"type":"allow"},"condition":{"domainType":"thirdParty","resourceTypes":["image"],"urlFilter":"||player.tavoos.net/assets/"},"id":609,"priority":30},
{"action":{"type":"allow"},"condition":{"domainType":"thirdParty","resourceTypes":["image"],"urlFilter":"||tavoos.net/tavoos_player/jwplayer/assets/"},"id":610,"priority":30},
{"action":{"type":"allow"},"condition":{"domainType":"thirdParty","resourceTypes":["script"],"urlFilter":"||player.tavoos.net/jwplayer.js"},"id":611,"priority":30},
{"action":{"type":"allow"},"condition":{"domainType":"thirdParty","resourceTypes":["script"],"urlFilter":"||player.tavoos.net/jwplayer.core.controls.html5.js"},"id":612,"priority":30},
{"action":{"type":"allow"},"condition":{"domainType":"thirdParty","resourceTypes":["script"],"urlFilter":"||player.tavoos.net/jwplayer.core.controls.js"},"id":613,"priority":30},
{"action":{"type":"allow"},"condition":{"domainType":"thirdParty","resourceTypes":["script"],"urlFilter":"||player.tavoos.net/jwplayer.stats.js^"},"id":614,"priority":30},
{"action":{"type":"allow"},"condition":{"domainType":"thirdParty","resourceTypes":["script"],"urlFilter":"||player.tavoos.net/provider.hlsjs.js"},"id":615,"priority":30},
{"action":{"type":"allow"},"condition":{"domainType":"thirdParty","resourceTypes":["script"],"urlFilter":"||tavoos.net/tavoos_player/jwplayer/jwplayer.js"},"id":616,"priority":30},
{"action":{"type":"allow"},"condition":{"domainType":"thirdParty","resourceTypes":["script"],"urlFilter":"||tavoos.net/tavoos_player/jwplayer/jwplayer.core.controls.html5.js"},"id":617,"priority":30},
{"action":{"type":"allow"},"condition":{"domainType":"thirdParty","resourceTypes":["script"],"urlFilter":"||webgozar.ir/c.aspx?code=*&t=poll^"},"id":618,"priority":30},
{"action":{"type":"allow"},"condition":{"domainType":"thirdParty","initiatorDomains":["gostaresh.news"],"resourceTypes":["script"],"urlFilter":"||video.cdn.yektanet.com/video-"},"id":619,"priority":30},
{"action":{"type":"allow"},"condition":{"domainType":"thirdParty","initiatorDomains":["gostaresh.news"],"resourceTypes":["script"],"urlFilter":"||native-ad-placement-cdn.yektanet.com/static/video_scripts//video-"},"id":620,"priority":30},
{"action":{"type":"allow"},"condition":{"domainType":"thirdParty","initiatorDomains":["fararu.com"],"resourceTypes":["script"],"urlFilter":"||native-ad-placement-cdn.yektanet.com/static/video_scripts/video-"},"id":621,"priority":30},
{"action":{"type":"allow"},"condition":{"domainType":"thirdParty","initiatorDomains":["fararu.com","gostaresh.news"],"resourceTypes":["script"],"urlFilter":"||yektanet.com/static/video.min.js^"},"id":622,"priority":30},
{"action":{"type":"allow"},"condition":{"domainType":"thirdParty","initiatorDomains":["fararu.com","gostaresh.news"],"resourceTypes":["script"],"urlFilter":"||yektanet.com/static/vast-client.js^"},"id":623,"priority":30},
{"action":{"type":"allow"},"condition":{"domainType":"thirdParty","initiatorDomains":["fararu.com","gostaresh.news"],"resourceTypes":["script"],"urlFilter":"||yektanet.com/static/silvermine-videojs-quality-selector.min.js^"},"id":624,"priority":30},
{"action":{"type":"allow"},"condition":{"domainType":"thirdParty","resourceTypes":["sub_frame"],"urlFilter":"||tamasha.com/embed^"},"id":625,"priority":30},
{"action":{"type":"allow"},"condition":{"domainType":"thirdParty","resourceTypes":["sub_frame"],"urlFilter":"||webgozar.com/poll/vote.aspx?code="},"id":626,"priority":30},
{"action":{"type":"allow"},"condition":{"domainType":"thirdParty","resourceTypes":["font"],"urlFilter":"||player.tavoos.net/assets/fonts/"},"id":627,"priority":30},
{"action":{"type":"allow"},"condition":{"domainType":"thirdParty","initiatorDomains":["fararu.com","gostaresh.news"],"resourceTypes":["font"],"urlFilter":"||cdn.yektanet.com/fonts/"},"id":628,"priority":30}
]
