[
{"action":{"type":"block"},"condition":{"requestDomains":["213.8.137.51","a.walla.co.il","ads.one.co.il","adserv.mako.co.il","alipim.net","atardrushim.com","avoda-mehabait.co.il","banners.news1.co.il","exposeboxwallashops.blob.core.windows.net","fringantlarn8.live","hasdarot.cc","hasdarot.club","hasdarot.co","hasdarot.com","hasdarot.info","hasdarot.life","hasdarot.live","hasdarot.me","hasdarot.net","hasdarot.pro","hasdarot.space","hasdarot.tv","hasdarot.vip","hasdarot.xyz","isdarot.com","jor-el.net","lauyn.info","losittooday.info","mporli.info","pinukim.net","saphiretelavivisrael.com","sdarot-il.org","sdarot-tv.org","sdarot.cc","sdarotil.top","sdc.mako.co.il","seret.live","totalmedia2.ynet.co.il","tvfeel.cc","wrtm.walla.co.il"]},"id":1,"priority":10},
{"action":{"type":"block"},"condition":{"urlFilter":"||shorter.co.il/js/fp.js.php"},"id":2,"priority":10},
{"action":{"type":"block"},"condition":{"excludedResourceTypes":["main_frame","script"],"initiatorDomains":["6days.walla.co.il","animals.walla.co.il","astrology.walla.co.il","b.walla.co.il","buzzit.walla.co.il","calendar.walla.co.il","cars.walla.co.il","celebs.walla.co.il","e.walla.co.il","elections.walla.co.il","euro.walla.co.il","fashion.walla.co.il","finance.walla.co.il","food.walla.co.il","forums.walla.co.il","fun.walla.co.il","healthy.walla.co.il","home.walla.co.il","judaism.walla.co.il","kids.walla.co.il","mag.walla.co.il","maps.walla.co.il","milon.walla.co.il","movies.walla.co.il","mundial.walla.co.il","nadlan.walla.co.il","news.walla.co.il","nick.walla.co.il","olympics.walla.co.il","search.walla.co.il","sports.walla.co.il","tags.walla.co.il","tech.walla.co.il","translate.walla.co.il","travel.walla.co.il","tv-guide.walla.co.il","tv.walla.co.il","usaelections.walla.co.il","viva.walla.co.il","vod.walla.co.il","weather.walla.co.il","www.mako.co.il","www.walla.co.il"],"urlFilter":"|blob:"},"id":3,"priority":10},
{"action":{"type":"block"},"condition":{"urlFilter":"||fus.walla.co.il/report/"},"id":4,"priority":10},
{"action":{"type":"block"},"condition":{"initiatorDomains":["forums.walla.co.il","tv-guide.walla.co.il"],"urlFilter":"||fus.walla.co.il/script.js?1"},"id":5,"priority":10},
{"action":{"type":"block"},"condition":{"urlFilter":"||fus.walla.co.il/vast/"},"id":6,"priority":10},
{"action":{"type":"block"},"condition":{"initiatorDomains":["walla.co.il"],"urlFilter":"||live.sekindo.com/uploads/users/"},"id":7,"priority":10},
{"action":{"type":"block"},"condition":{"urlFilter":"||x.walla.co.il^*.mp4|"},"id":8,"priority":10},
{"action":{"type":"block"},"condition":{"initiatorDomains":["walla.co.il"],"requestDomains":["xwne.wcdn.co.il"]},"id":9,"priority":10},
{"action":{"type":"block"},"condition":{"urlFilter":"/cdamarkettextlinks_"},"id":10,"priority":10},
{"action":{"type":"block"},"condition":{"urlFilter":"/cdamarketinglink/"},"id":11,"priority":10},
{"action":{"type":"block"},"condition":{"urlFilter":"||alljobs.co.il/partners/ynet/engine.aspx"},"id":12,"priority":10},
{"action":{"type":"block"},"condition":{"urlFilter":"||article.yedioth.co.il/assets/banners"},"id":13,"priority":10},
{"action":{"type":"block"},"condition":{"urlFilter":"||go.ynet.co.il/short/demos/*/ads/"},"id":14,"priority":10},
{"action":{"type":"block"},"condition":{"urlFilter":"||go.ynet.co.il/short/content/2013/career/sidejobs/"},"id":15,"priority":10},
{"action":{"type":"block"},"condition":{"urlFilter":"||infomed.co.il/ynet/sidebox.aspx?"},"id":16,"priority":10},
{"action":{"type":"block"},"condition":{"initiatorDomains":["calcalist.co.il","mako.co.il","ynet.co.il"],"urlFilter":"||psakdin.co.il/externalframes/"},"id":17,"priority":10},
{"action":{"type":"block"},"condition":{"initiatorDomains":["mako.co.il","n12.co.il","tech12.co.il","tvbee.co.il"],"requestDomains":["api.conduit.com","localhost"]},"id":18,"priority":10},
{"action":{"type":"block"},"condition":{"urlFilter":"||apps.mako.co.il/minicampaigns/"},"id":19,"priority":10},
{"action":{"type":"block"},"condition":{"urlFilter":"||mako.co.il/makotv/loginsocialconfig.json"},"id":20,"priority":10},
{"action":{"type":"block"},"condition":{"urlFilter":"||rcs.mako.co.il/js/player/*/artimedia/artimediaadmanager.js"},"id":21,"priority":10},
{"action":{"type":"block"},"condition":{"urlFilter":"||shironet.mako.co.il/jsp/images/main_strip_ad_box_718.gif"},"id":22,"priority":10},
{"action":{"type":"block"},"condition":{"urlFilter":"||sport5.co.il/banners2/"},"id":23,"priority":10},
{"action":{"type":"block"},"condition":{"urlFilter":"||a7.org/cdn/sdk"},"id":24,"priority":10},
{"action":{"type":"block"},"condition":{"urlFilter":"||a7.org/adblock/"},"id":25,"priority":10},
{"action":{"type":"block"},"condition":{"urlFilter":"||a7.org/scripts/maavaron.js"},"id":26,"priority":10},
{"action":{"type":"block"},"condition":{"urlFilter":"||dwnmedia.a7.org/inntv/media/"},"id":27,"priority":10},
{"action":{"type":"block"},"condition":{"initiatorDomains":["inn.co.il"],"requestDomains":["info.a7.org"]},"id":28,"priority":10},
{"action":{"type":"block"},"condition":{"urlFilter":"||inn.co.il/info_en/"},"id":29,"priority":10},
{"action":{"type":"block"},"condition":{"urlFilter":"||inn.co.il/leads/content/upload/"},"id":30,"priority":10},
{"action":{"type":"block"},"condition":{"urlFilter":"||kipa.co.il/banner/"},"id":31,"priority":10},
{"action":{"type":"block"},"condition":{"urlFilter":"||kipasruga.com/banner/"},"id":32,"priority":10},
{"action":{"type":"block"},"condition":{"urlFilter":"||bhol.co.il/rich_banners/"},"id":33,"priority":10},
{"action":{"type":"block"},"condition":{"urlFilter":"||ext.bhol.co.il/"},"id":34,"priority":10},
{"action":{"type":"block"},"condition":{"urlFilter":"||a.kikar.co.il/v1/ads"},"id":35,"priority":10},
{"action":{"type":"block"},"condition":{"urlFilter":"||kikarhashabat.co.il/data/auto/images/landing_pages_"},"id":36,"priority":10},
{"action":{"type":"block"},"condition":{"initiatorDomains":["homeprices.yad2.co.il","my.yad2.co.il","pricelist.yad2.co.il","www.yad2.co.il","yad1.yad2.co.il"],"urlFilter":"|blob:"},"id":37,"priority":10},
{"action":{"type":"block"},"condition":{"urlFilter":"||my.yad2.co.il/banner/"},"id":38,"priority":10},
{"action":{"type":"block"},"condition":{"urlFilter":"||my.yad2.co.il/dfpv3/script/desktopmediamanager.js"},"id":39,"priority":10},
{"action":{"type":"block"},"condition":{"urlFilter":"||yad2.co.il/js-new/blockpirsum.js"},"id":40,"priority":10},
{"action":{"type":"block"},"condition":{"urlFilter":"||rotter.net/banners/"},"id":41,"priority":10},
{"action":{"type":"block"},"condition":{"urlFilter":"||rotter.net/edit/text/"},"id":42,"priority":10},
{"action":{"type":"block"},"condition":{"urlFilter":"||beaverscripts.com/openwindow.js"},"id":43,"priority":10},
{"action":{"type":"block"},"condition":{"urlFilter":"||bladna.co.il/public/flash/"},"id":44,"priority":10},
{"action":{"type":"block"},"condition":{"urlFilter":"||cdn.shorte.st/link-converter.min.js"},"id":45,"priority":10},
{"action":{"type":"block"},"condition":{"urlFilter":"||ch10.co.il/wp-content/plugins/arti-banners/components/arti-banner-popup/"},"id":46,"priority":10},
{"action":{"type":"block"},"condition":{"initiatorDomains":["trusted-software.com"],"requestDomains":["googleusercontent.com"]},"id":47,"priority":10},
{"action":{"type":"block"},"condition":{"urlFilter":"||leadim4u.com/accounts/default1/banners/"},"id":48,"priority":10},
{"action":{"type":"block"},"condition":{"urlFilter":"||negishim.com/accessibility/"},"id":49,"priority":10},
{"action":{"type":"block"},"condition":{"urlFilter":"||psakdin.co.il/pictures/banners/"},"id":50,"priority":10},
{"action":{"type":"block"},"condition":{"urlFilter":"||raddar.co.il/bannersa.php"},"id":51,"priority":10},
{"action":{"type":"block"},"condition":{"urlFilter":"||shoofoo.co.il/banners"},"id":52,"priority":10},
{"action":{"type":"block"},"condition":{"urlFilter":"||wcdn.co.il/banners/"},"id":53,"priority":10},
{"action":{"type":"block"},"condition":{"urlFilter":"||admin.applicaster.com/v12//7047/channel0_android_banners"},"id":54,"priority":10},
{"action":{"type":"block"},"condition":{"urlFilter":"||apps.mako.co.il/mobile/config/android/sport5/ad_config.xml"},"id":55,"priority":10},
{"action":{"type":"block"},"condition":{"urlFilter":"||apps.mako.co.il/mobile/config/android/sport5/banner_config.xml"},"id":56,"priority":10},
{"action":{"type":"block"},"condition":{"urlFilter":"||fus.walla.co.il/json/5804468/mint.walla_android.homepage/spons"},"id":57,"priority":10},
{"action":{"type":"block"},"condition":{"urlFilter":"||images.yad2.co.il/pic/yad2new/homepage_promotions/prom"},"id":58,"priority":10},
{"action":{"type":"block"},"condition":{"urlFilter":"||live.sekindo.com/uploads/users/*/ads/"},"id":59,"priority":10},
{"action":{"type":"block"},"condition":{"urlFilter":"||m.sport5.co.il/images/dreamteam320x40.png"},"id":60,"priority":10},
{"action":{"type":"block"},"condition":{"urlFilter":"||resources.fortvision.com/staticfiles"},"id":61,"priority":10},
{"action":{"type":"block"},"condition":{"urlFilter":"||sport5.co.il/cm8ads/"},"id":62,"priority":10},
{"action":{"type":"block"},"condition":{"urlFilter":"||static.fortvision.com/staticfiles/fb-web/"},"id":63,"priority":10},
{"action":{"type":"block"},"condition":{"initiatorDomains":["morfix.co.il"],"requestDomains":["warmafterthought.com"]},"id":64,"priority":10},
{"action":{"type":"block"},"condition":{"initiatorDomains":["mail.walla.co.il"],"requestDomains":["x.walla.co.il"],"resourceTypes":["image"]},"id":65,"priority":10},
{"action":{"type":"block"},"condition":{"resourceTypes":["image"],"urlFilter":"||img.mako.co.il/2018/*/*/970x90a.jpg|"},"id":66,"priority":10},
{"action":{"type":"block"},"condition":{"requestDomains":["xwbe.wcdn.co.il"],"resourceTypes":["image"]},"id":67,"priority":10},
{"action":{"type":"block"},"condition":{"initiatorDomains":["walla.co.il","ynet.co.il"],"requestDomains":["browsiprod.com"],"resourceTypes":["script","xmlhttprequest"]},"id":68,"priority":10},
{"action":{"type":"block"},"condition":{"resourceTypes":["script"],"urlFilter":"||fus.walla.co.il/js/purcf/walla.friends.rashi.main"},"id":69,"priority":10},
{"action":{"type":"block"},"condition":{"initiatorDomains":["mynetbatyam.co.il","mynethadera.co.il","mynetherzliya.co.il","mynethodhasharon.co.il","mynetholon.co.il","mynetjerusalem.co.il","mynetkfarsaba.co.il","mynetkibbutz.co.il","mynetnetanya.co.il","mynetpetahtikva.co.il","mynetraanana.co.il","mynetrehovot.co.il","mynetrishon.co.il","mynetroshhaayin.co.il"],"resourceTypes":["script"],"urlFilter":"/bannerscripts.js?"},"id":70,"priority":10},
{"action":{"type":"block"},"condition":{"initiatorDomains":["ynet.co.il"],"requestDomains":["dynamicyield.com"],"resourceTypes":["script"]},"id":71,"priority":10},
{"action":{"type":"block"},"condition":{"initiatorDomains":["bizportal.co.il","calcalist.co.il","globes.co.il","ynet.co.il"],"requestDomains":["s3.amazonaws.com"],"resourceTypes":["script"]},"id":72,"priority":10},
{"action":{"type":"block"},"condition":{"resourceTypes":["script","xmlhttprequest"],"urlFilter":"||a7.org/media"},"id":73,"priority":10},
{"action":{"type":"block"},"condition":{"initiatorDomains":["inn.co.il"],"requestDomains":["a7.org"],"resourceTypes":["script"]},"id":74,"priority":10},
{"action":{"type":"block"},"condition":{"initiatorDomains":["zap.co.il"],"resourceTypes":["script"],"urlFilter":"||cdn1.zoomanalytics.co/js"},"id":75,"priority":10},
{"action":{"type":"block"},"condition":{"initiatorDomains":["0404.co.il","13news.co.il","13tv.co.il","calcalist.co.il","globes.co.il","inn.co.il","mako.co.il","tapuz.co.il","walla.co.il"],"resourceTypes":["script","xmlhttprequest"],"urlFilter":"/amsdk.js"},"id":76,"priority":10},
{"action":{"type":"block"},"condition":{"initiatorDomains":["www.kore.co.il"],"resourceTypes":["script"],"urlFilter":"||ext.kore.co.il/out/"},"id":77,"priority":10},
{"action":{"type":"block"},"condition":{"resourceTypes":["script"],"urlFilter":"||cooldays.net/app/vod-blocker"},"id":78,"priority":10},
{"action":{"type":"block"},"condition":{"resourceTypes":["xmlhttprequest"],"urlFilter":"||bhol.co.il/system/ad_manager/get_all_banners"},"id":79,"priority":10},
{"action":{"type":"block"},"condition":{"resourceTypes":["sub_frame"],"urlFilter":"||mishpati.co.il/-partners/walla-form"},"id":80,"priority":10},
{"action":{"type":"block"},"condition":{"initiatorDomains":["walla.co.il"],"resourceTypes":["sub_frame"],"urlFilter":"||walla.yad2.co.il/*banner"},"id":81,"priority":10},
{"action":{"type":"block"},"condition":{"initiatorDomains":["ynet.co.il"],"resourceTypes":["sub_frame"],"urlFilter":"||ynetbanneradmin.yit.co.il/assets/"},"id":82,"priority":10},
{"action":{"type":"block"},"condition":{"initiatorDomains":["inn.co.il"],"resourceTypes":["sub_frame"],"urlFilter":"||a7.org/*.html"},"id":83,"priority":10},
{"action":{"type":"block"},"condition":{"resourceTypes":["sub_frame"],"urlFilter":"||moodaot.kipa.co.il/userfiles/moods/"},"id":84,"priority":10},
{"action":{"type":"block"},"condition":{"resourceTypes":["sub_frame"],"urlFilter":"||www.kikar.co.il/a/"},"id":85,"priority":10},
{"action":{"type":"block"},"condition":{"initiatorDomains":["ch10.co.il"],"resourceTypes":["sub_frame"],"urlFilter":"||player.vimeo.com/video/383596619|"},"id":86,"priority":10},
{"action":{"type":"block"},"condition":{"resourceTypes":["sub_frame"],"urlFilter":"||walla.co.il/rotteriframe|"},"id":87,"priority":10},
{"action":{"type":"block"},"condition":{"domainType":"firstParty","initiatorDomains":["13news.co.il","13tv.co.il"],"urlFilter":"/dfp."},"id":88,"priority":10},
{"action":{"type":"block"},"condition":{"domainType":"firstParty","initiatorDomains":["13news.co.il","13tv.co.il"],"urlFilter":"/dfp/"},"id":89,"priority":10},
{"action":{"type":"block"},"condition":{"domainType":"firstParty","initiatorDomains":["6days.walla.co.il","animals.walla.co.il","astrology.walla.co.il","b.walla.co.il","buzzit.walla.co.il","calendar.walla.co.il","cars.walla.co.il","celebs.walla.co.il","e.walla.co.il","elections.walla.co.il","euro.walla.co.il","fashion.walla.co.il","finance.walla.co.il","food.walla.co.il","forums.walla.co.il","fun.walla.co.il","healthy.walla.co.il","home.walla.co.il","judaism.walla.co.il","kids.walla.co.il","mag.walla.co.il","maps.walla.co.il","milon.walla.co.il","movies.walla.co.il","mundial.walla.co.il","nadlan.walla.co.il","news.walla.co.il","nick.walla.co.il","olympics.walla.co.il","search.walla.co.il","sports.walla.co.il","tags.walla.co.il","tech.walla.co.il","translate.walla.co.il","travel.walla.co.il","tv-guide.walla.co.il","tv.walla.co.il","usaelections.walla.co.il","viva.walla.co.il","vod.walla.co.il","weather.walla.co.il","www.walla.co.il"],"requestDomains":["walla.co.il"],"resourceTypes":["websocket"]},"id":90,"priority":10},
{"action":{"type":"block"},"condition":{"domainType":"firstParty","initiatorDomains":["www.ynet.co.il"],"requestDomains":["www.ynet.co.il"],"resourceTypes":["websocket"]},"id":91,"priority":10},
{"action":{"type":"block"},"condition":{"domainType":"firstParty","initiatorDomains":["www.mako.co.il"],"requestDomains":["www.mako.co.il"],"resourceTypes":["websocket"]},"id":92,"priority":10},
{"action":{"type":"block"},"condition":{"domainType":"firstParty","initiatorDomains":["www.globes.co.il"],"requestDomains":["www.globes.co.il"],"resourceTypes":["websocket"]},"id":93,"priority":10},
{"action":{"type":"block"},"condition":{"domainType":"firstParty","initiatorDomains":["www.calcalist.co.il"],"requestDomains":["www.calcalist.co.il"],"resourceTypes":["websocket"]},"id":94,"priority":10},
{"action":{"type":"block"},"condition":{"domainType":"firstParty","initiatorDomains":["13news.co.il"],"requestDomains":["13news.co.il"],"resourceTypes":["websocket"]},"id":95,"priority":10},
{"action":{"type":"block"},"condition":{"domainType":"firstParty","initiatorDomains":["13tv.co.il"],"requestDomains":["13tv.co.il"],"resourceTypes":["websocket"]},"id":96,"priority":10},
{"action":{"type":"block"},"condition":{"domainType":"firstParty","initiatorDomains":["sport5.co.il"],"requestDomains":["sport5.co.il"],"resourceTypes":["websocket"]},"id":97,"priority":10},
{"action":{"type":"block"},"condition":{"domainType":"firstParty","initiatorDomains":["inn.co.il"],"requestDomains":["inn.co.il"],"resourceTypes":["websocket"]},"id":98,"priority":10},
{"action":{"type":"block"},"condition":{"domainType":"firstParty","initiatorDomains":["homeprices.yad2.co.il","my.yad2.co.il","pricelist.yad2.co.il","www.yad2.co.il","yad1.yad2.co.il"],"requestDomains":["yad2.co.il"],"resourceTypes":["websocket"]},"id":99,"priority":10},
{"action":{"type":"block"},"condition":{"domainType":"firstParty","initiatorDomains":["www.bizportal.co.il"],"requestDomains":["www.bizportal.co.il"],"resourceTypes":["websocket"]},"id":100,"priority":10},
{"action":{"type":"block"},"condition":{"domainType":"thirdParty","requestDomains":["07af698ea8a2a5a789b79c2d75ba83d3.com","102320fef81194c7b0c7c6bbe64d845d.com","11a5ade414a6a4b9969685db9e96b193.com","122949d67b35f6c3372bfa3b4a3b8a1e.com","166460e61382a8ab15094a0fb111cc1b.com","1f50dd61ec6bc6a1b98ae412ea4d812f.com","21635bfdc5175ce523de634889b83c39.com","22e83777b5823d5a95d63948737fb965.com","29aac8974ae5d04e1df65c27f4405615.com","48c5d27faef8b635e99e00ef9b5fd0cd.com","530d4fe852707f9c754106c40642dbba.com","65c95461c6e393d6c0d692e3dfb1bcb0.com","7795bfb724d4b16306823af218bc11fd.com","activated.co.il","activetrail.biz","adland.co.il","agecdn.me","akamhd.com","amazuk.com","apiscdn.com","asermtawlfs.xyz","bakkels.com","bargainpricedude.com","beerforthepipl.com","benchmarkingstuff.com","bluesli.de","bool.bid","boostquery.com","boritra.com","bostonparadise.com","bostonwall.com","bulgarine.com","cdn.mdigital.co.il","cdnic.site","clickon.co.il","cloodfront.com","cloudbit.rocks","cloudboost.co.il","cloudflame.co.il","corruptcy.com","d8737fad2b67f17837092e422ff435c7.com","dascasdw.xyz","depresis.com","dfskgmrepts.com","ea737463bdf5d652a88657bc3846c56b.com","enstatic.net","erate.co.il","gitam.1host.co.il","goodluckblockingthis.com","hallucius.com","havinates.com","helpkidsnow.xyz","heravda.com","houstion.com","hulahooprect.com","ifreedns.org","ilovedomains.pw","indeterman.com","iystorage.com","jacquarter.com","jor-el.net","jquerycdn.co.il","jquerymin.co.il","jscloudnow.com","klnrew.site","kmrnkjer.xyz","kofpag.com","kozikar.com","linicom.co.il","loopmaze.com","madas-ads.securest.org","maskoter.com","media.adextent.com","media.foxweb.co.il","mimgoal.com","mitbahon.co.il","mohengdu.com","nepohita.com","newyorkwhil.com","next-net.co.il","njkiho.info","nothering.com","nullenabler.com","numberthreebear.com","oversailor.com","portavivo.com","pullcdn.pw","regi.site","regi.tech","retrayan.com","rkgnmwre.site","sekindo.com","shakesider.com","sharedcdn.site","sprawley.com","srvjar.com","storagecdncloud.co","syntetech.com","talkahead.com","texasboston.com","trustmedia.co.il","typication.com","umamdmo.com","upapi.net","urodakt.com","uvinory.com","uzotli.com","valuad.cloud","webeatyouradblocker.com","wesell.co.il","wodoka.com","ws.walla.co.il","yathmoth.com","ymakeseb.club","zinovila.com","zipodita.com"]},"id":101,"priority":10},
{"action":{"type":"block"},"condition":{"domainType":"thirdParty","excludedResourceTypes":["font","main_frame"],"requestDomains":["jwtdigital-media.co.il"]},"id":102,"priority":10},
{"action":{"type":"block"},"condition":{"domainType":"thirdParty","urlFilter":"||webid.co.il/b144/"},"id":103,"priority":10},
{"action":{"type":"block"},"condition":{"domainType":"thirdParty","excludedInitiatorDomains":["askoli.co.il"],"requestDomains":["wee.co.il"]},"id":104,"priority":10},
{"action":{"type":"block"},"condition":{"domainType":"thirdParty","excludedInitiatorDomains":["maple-team.com"],"requestDomains":["3dots.co.il"]},"id":105,"priority":10},
{"action":{"type":"block"},"condition":{"domainType":"thirdParty","initiatorDomains":["walla.co.il"],"requestDomains":["artipbox.net","azureedge.net","cooladata.com","elasticbeanstalk.com","firebaseio.com","logidea.info"]},"id":106,"priority":10},
{"action":{"type":"block"},"condition":{"domainType":"thirdParty","initiatorDomains":["6days.walla.co.il","animals.walla.co.il","b.walla.co.il","cars.walla.co.il","celebs.walla.co.il","e.walla.co.il","elections.walla.co.il","euro.walla.co.il","fashion.walla.co.il","finance.walla.co.il","food.walla.co.il","healthy.walla.co.il","home.walla.co.il","judaism.walla.co.il","kids.walla.co.il","mag.walla.co.il","mundial.walla.co.il","nadlan.walla.co.il","news.walla.co.il","nick.walla.co.il","olympics.walla.co.il","sports.walla.co.il","tech.walla.co.il","travel.walla.co.il","usaelections.walla.co.il","viva.walla.co.il","vod.walla.co.il","www.walla.co.il"],"requestDomains":["kxcdn.com"]},"id":107,"priority":10},
{"action":{"type":"block"},"condition":{"domainType":"thirdParty","initiatorDomains":["ynet.co.il"],"requestDomains":["trace.events"]},"id":108,"priority":10},
{"action":{"type":"block"},"condition":{"domainType":"thirdParty","initiatorDomains":["mako.co.il"],"requestDomains":["activetrail.com","adoric-ads.com","analytics.edgesuite.net","logger.logidea.info","netdna-ssl.com"]},"id":109,"priority":10},
{"action":{"type":"block"},"condition":{"domainType":"thirdParty","initiatorDomains":["mako.co.il","n12.co.il","tech12.co.il","tvbee.co.il"],"requestDomains":["valuad.cloud"]},"id":110,"priority":10},
{"action":{"type":"block"},"condition":{"domainType":"thirdParty","initiatorDomains":["13news.co.il","13tv.co.il"],"requestDomains":["viewbix.com"]},"id":111,"priority":10},
{"action":{"type":"block"},"condition":{"domainType":"thirdParty","initiatorDomains":["sport5.co.il"],"requestDomains":["g-static.gdn","shopupz.com","sporty.gdn"]},"id":112,"priority":10},
{"action":{"type":"block"},"condition":{"domainType":"thirdParty","urlFilter":"||ban.d-group.co.il/banners/"},"id":113,"priority":10},
{"action":{"type":"block"},"condition":{"domainType":"thirdParty","initiatorDomains":["0-15.co.il","2b-bari.co.il","50plus.co.il","abortion.org.il","acnecenter.co.il","add-syndrome.co.il","allergy.org.il","alzheimer.co.il","asthma.org.il","autism.org.il","bariatric.org.il","blinds.org.il","blood.co.il","burn.org.il","candidafree.co.il","cfs.org.il","cholesterol.org.il","cold.co.il","colon.org.il","commitment.org.il","committee.co.il","degeneration.co.il","dementia.co.il","dermatology.co.il","dialysis.org.il","ear.org.il","east-west.co.il","emun.org.il","ent.org.il","epilepsy.co.il","feeling.co.il","fms.org.il","gastro-israel.org.il","genes.co.il","human.co.il","hyperhidrosis.org.il","iaawh.co.il","ibd.org.il","ifeel.co.il","ilsi.org.il","immunology.org.il","implants.org.il","ioh.org.il","isala.org.il","israrights.com","le-la.co.il","linshom.org.il","liver.org.il","lung.org.il","lupus.org.il","maane.co.il","matnachim.co.il","matnachim.org.il","medicalcannabis.co.il","mifrakim.co.il","multiplesclerosis.org.il","my-rights.org.il","myeyes.co.il","myhealth.co.il","myheart.co.il","myrights.co.il","nashy.co.il","neurology.org.il","noga.org.il","obesity.org.il","oncology.org.il","pain.org.il","parkinsons.org.il","pediatrics.co.il","pigur.co.il","pso.org.il","psychiatrist.org.il","psychiatry.org.il","stdinfo.co.il","stroke.org.il","sukarti.co.il","takana.co.il","tevalife.co.il","urinary.co.il","urine.org.il","voices.co.il","womenonly.co.il"],"requestDomains":["netform.co.il","virtualspirits.com","whats-new.co.il"]},"id":114,"priority":10},
{"action":{"type":"block"},"condition":{"domainType":"thirdParty","requestDomains":["takana.co.il"],"resourceTypes":["image"]},"id":115,"priority":10},
{"action":{"type":"block"},"condition":{"domainType":"thirdParty","initiatorDomains":["fxp.co.il"],"resourceTypes":["sub_frame"],"urlFilter":"||widget.walla.co.il/wallaplayer"},"id":116,"priority":10},
{"action":{"type":"block"},"condition":{"excludedResourceTypes":["main_frame","script"],"initiatorDomains":["www.mako.co.il"],"urlFilter":"|blob:"},"id":117,"priority":40},
{"action":{"type":"block"},"condition":{"initiatorDomains":["homeprices.yad2.co.il","my.yad2.co.il","pricelist.yad2.co.il","www.yad2.co.il","yad1.yad2.co.il"],"urlFilter":"|blob:"},"id":118,"priority":40},
{"action":{"type":"block"},"condition":{"domainType":"firstParty","initiatorDomains":["6days.walla.co.il","animals.walla.co.il","astrology.walla.co.il","b.walla.co.il","buzzit.walla.co.il","calendar.walla.co.il","cars.walla.co.il","celebs.walla.co.il","e.walla.co.il","elections.walla.co.il","euro.walla.co.il","fashion.walla.co.il","finance.walla.co.il","food.walla.co.il","forums.walla.co.il","fun.walla.co.il","healthy.walla.co.il","home.walla.co.il","judaism.walla.co.il","kids.walla.co.il","mag.walla.co.il","maps.walla.co.il","milon.walla.co.il","movies.walla.co.il","mundial.walla.co.il","nadlan.walla.co.il","news.walla.co.il","nick.walla.co.il","olympics.walla.co.il","search.walla.co.il","sports.walla.co.il","tags.walla.co.il","tech.walla.co.il","translate.walla.co.il","travel.walla.co.il","tv-guide.walla.co.il","tv.walla.co.il","usaelections.walla.co.il","viva.walla.co.il","vod.walla.co.il","weather.walla.co.il","www.walla.co.il"],"requestDomains":["walla.co.il"],"resourceTypes":["websocket"]},"id":119,"priority":40},
{"action":{"type":"block"},"condition":{"domainType":"firstParty","initiatorDomains":["www.ynet.co.il"],"requestDomains":["www.ynet.co.il"],"resourceTypes":["websocket"]},"id":120,"priority":40},
{"action":{"type":"block"},"condition":{"domainType":"firstParty","initiatorDomains":["www.mako.co.il"],"requestDomains":["www.mako.co.il"],"resourceTypes":["websocket"]},"id":121,"priority":40},
{"action":{"type":"block"},"condition":{"domainType":"firstParty","initiatorDomains":["www.globes.co.il"],"requestDomains":["www.globes.co.il"],"resourceTypes":["websocket"]},"id":122,"priority":40},
{"action":{"type":"block"},"condition":{"domainType":"firstParty","initiatorDomains":["www.calcalist.co.il"],"requestDomains":["www.calcalist.co.il"],"resourceTypes":["websocket"]},"id":123,"priority":40},
{"action":{"type":"block"},"condition":{"domainType":"firstParty","initiatorDomains":["13news.co.il"],"requestDomains":["13news.co.il"],"resourceTypes":["websocket"]},"id":124,"priority":40},
{"action":{"type":"block"},"condition":{"domainType":"firstParty","initiatorDomains":["13tv.co.il"],"requestDomains":["13tv.co.il"],"resourceTypes":["websocket"]},"id":125,"priority":40},
{"action":{"type":"block"},"condition":{"domainType":"firstParty","initiatorDomains":["inn.co.il"],"requestDomains":["inn.co.il"],"resourceTypes":["websocket"]},"id":126,"priority":40},
{"action":{"type":"block"},"condition":{"domainType":"firstParty","initiatorDomains":["homeprices.yad2.co.il","my.yad2.co.il","pricelist.yad2.co.il","www.yad2.co.il","yad1.yad2.co.il"],"requestDomains":["yad2.co.il"],"resourceTypes":["websocket"]},"id":127,"priority":40},
{"action":{"type":"allow"},"condition":{"initiatorDomains":["kikar.co.il"],"urlFilter":"||akamai.advsnx.net/cdn/"},"id":128,"priority":30},
{"action":{"type":"allow"},"condition":{"urlFilter":"||akamai.advsnx.net/cdn/walla/"},"id":129,"priority":30},
{"action":{"type":"allow"},"condition":{"initiatorDomains":["one.co.il","walla.co.il"],"urlFilter":"||akamai.advsnx.net/crossdomain.xml"},"id":130,"priority":30},
{"action":{"type":"allow"},"condition":{"initiatorDomains":["cinema-city.co.il","cinemacity.co.il"],"requestDomains":["banners.hosting-il.com","pas-rahav.com"]},"id":131,"priority":30},
{"action":{"type":"allow"},"condition":{"urlFilter":"||bhol.co.il/flash/vaad"},"id":132,"priority":30},
{"action":{"type":"allow"},"condition":{"urlFilter":"||bhol.co.il/imagebank/400x250"},"id":133,"priority":30},
{"action":{"type":"allow"},"condition":{"urlFilter":"||bipbip.co.il/style/ads.css"},"id":134,"priority":30},
{"action":{"type":"allow"},"condition":{"urlFilter":"||clalit.co.il/adimages"},"id":135,"priority":30},
{"action":{"type":"allow"},"condition":{"urlFilter":"||globes.co.il/js/ads.js"},"id":136,"priority":30},
{"action":{"type":"allow"},"condition":{"urlFilter":"||globes.co.il/news/inc/banners/show_ads.js"},"id":137,"priority":30},
{"action":{"type":"allow"},"condition":{"initiatorDomains":["13news.co.il","13tv.co.il","nifgashim.net"],"urlFilter":"||googletagservices.com/tag/js/gpt.js"},"id":138,"priority":30},
{"action":{"type":"allow"},"condition":{"urlFilter":"||gplanet.co.il/js/adx.js"},"id":139,"priority":30},
{"action":{"type":"allow"},"condition":{"initiatorDomains":["holmesplace.co.il"],"urlFilter":"||holmesplace.co.il/sites/all/modules"},"id":140,"priority":30},
{"action":{"type":"allow"},"condition":{"urlFilter":"||kikar.co.il/js/ads.js"},"id":141,"priority":30},
{"action":{"type":"allow"},"condition":{"urlFilter":"||lamehadrin.co.il/_layouts/shufersal.yesh/scripts/gtm.js"},"id":142,"priority":30},
{"action":{"type":"allow"},"condition":{"initiatorDomains":["mako.co.il"],"urlFilter":"||lb.advsnx.net/adserver/?zoneid="},"id":143,"priority":30},
{"action":{"type":"allow"},"condition":{"initiatorDomains":["mako.co.il"],"urlFilter":"||lb.advsnx.net/as"},"id":144,"priority":30},
{"action":{"type":"allow"},"condition":{"initiatorDomains":["mako.co.il"],"urlFilter":"||lb.advsnx.net/crossdomain.xml"},"id":145,"priority":30},
{"action":{"type":"allow"},"condition":{"urlFilter":"||matrix.ynet.co.il/js/ga/ads_controller.js"},"id":146,"priority":30},
{"action":{"type":"allow"},"condition":{"initiatorDomains":["sport5.co.il"],"urlFilter":"||pagead2.googlesyndication.com/pagead/js/*/show_ads_impl.js"},"id":147,"priority":30},
{"action":{"type":"allow"},"condition":{"initiatorDomains":["haaretz.co.il","isramedia.net","mako.co.il","pc-dev.co.il","pc.co.il","sport5.co.il","themarker.com"],"urlFilter":"||pagead2.googlesyndication.com/pagead/js/adsbygoogle.js"},"id":148,"priority":30},
{"action":{"type":"allow"},"condition":{"initiatorDomains":["pitaronfree.blogspot.co.il","pitaronfree.blogspot.com"],"urlFilter":"||pagead2.googlesyndication.com/pagead/show_ads.js"},"id":149,"priority":30},
{"action":{"type":"allow"},"condition":{"urlFilter":"||pas-rahav.com/creativitys"},"id":150,"priority":30},
{"action":{"type":"allow"},"condition":{"initiatorDomains":["ynet.co.il"],"urlFilter":"||pubads.g.doubleclick.net/gampad/ad"},"id":151,"priority":30},
{"action":{"type":"allow"},"condition":{"initiatorDomains":["mako.co.il"],"urlFilter":"||pubads.g.doubleclick.net/gampad/ads?ad_rule="},"id":152,"priority":30},
{"action":{"type":"allow"},"condition":{"initiatorDomains":["mako.co.il"],"urlFilter":"||pubads.g.doubleclick.net/gampad/adx?iu="},"id":153,"priority":30},
{"action":{"type":"allow"},"condition":{"urlFilter":"||qamesh.com/images/advert.png"},"id":154,"priority":30},
{"action":{"type":"allow"},"condition":{"initiatorDomains":["kikar.co.il"],"urlFilter":"||s3.kikar.net/js/jquery.dfp.js"},"id":155,"priority":30},
{"action":{"type":"allow"},"condition":{"urlFilter":"||shukitv.ucoz.com/script/ads.js"},"id":156,"priority":30},
{"action":{"type":"allow"},"condition":{"urlFilter":"||tornado-top.co.il/template/images/"},"id":157,"priority":30},
{"action":{"type":"allow"},"condition":{"initiatorDomains":["www-haaretz-co-il.eu1.proxy.openathens.net","www-themarker-com.eu1.proxy.openathens.net"],"urlFilter":"*googlesyndication*/pagead/js/adsbygoogle.js"},"id":158,"priority":30},
{"action":{"type":"allow"},"condition":{"resourceTypes":["stylesheet"],"urlFilter":"||jdn.co.il/wp-content/plugins/jdn_ads/js/info.css"},"id":159,"priority":30},
{"action":{"type":"allow"},"condition":{"initiatorDomains":["calcalist.co.il"],"resourceTypes":["stylesheet"],"urlFilter":"||player.ynet.co.il/videojs-ima/videojs.ads.css"},"id":160,"priority":30},
{"action":{"type":"allow"},"condition":{"initiatorDomains":["13news.co.il","13tv.co.il"],"resourceTypes":["image"],"urlFilter":"/advert."},"id":161,"priority":30},
{"action":{"type":"allow"},"condition":{"initiatorDomains":["isramedia.net"],"resourceTypes":["image"],"urlFilter":"||admedia.com/images/cross_channel_arrows.png"},"id":162,"priority":30},
{"action":{"type":"allow"},"condition":{"resourceTypes":["image"],"urlFilter":"||ads.yad2.co.il/adpic.png"},"id":163,"priority":30},
{"action":{"type":"allow"},"condition":{"initiatorDomains":["inn.co.il"],"resourceTypes":["image"],"urlFilter":"||info.a7.org/info/delivery/lg*.php?"},"id":164,"priority":30},
{"action":{"type":"allow"},"condition":{"resourceTypes":["image"],"urlFilter":"||israelsport.co.il/digiweb/userfiles/images/ads/getty"},"id":165,"priority":30},
{"action":{"type":"allow"},"condition":{"initiatorDomains":["bizportal.co.il"],"resourceTypes":["image","media"],"urlFilter":"||nv.vi-serve.com/vis-media/"},"id":166,"priority":30},
{"action":{"type":"allow"},"condition":{"initiatorDomains":["bizportal.co.il"],"resourceTypes":["image"],"urlFilter":"||t.vi-serve.com/?event="},"id":167,"priority":30},
{"action":{"type":"allow"},"condition":{"initiatorDomains":["wizdom.xyz"],"resourceTypes":["image"],"urlFilter":"||thetvdb.com/banners/"},"id":168,"priority":30},
{"action":{"type":"allow"},"condition":{"initiatorDomains":["maccabi4u.co.il"],"resourceTypes":["image"],"urlFilter":"||translate.google.*/gen204?"},"id":169,"priority":30},
{"action":{"type":"allow"},"condition":{"requestDomains":["sfx-images.mozilla.org"],"resourceTypes":["image"]},"id":170,"priority":30},
{"action":{"type":"allow"},"condition":{"initiatorDomains":["kikar.co.il"],"resourceTypes":["object"],"urlFilter":"||sekindo.com/content/pop/sekindopopunderoverlay-"},"id":171,"priority":30},
{"action":{"type":"allow"},"condition":{"initiatorDomains":["13news.co.il","13tv.co.il","hamal.co.il","mako.co.il","ynet.co.il"],"resourceTypes":["script"],"urlFilter":"||2mdn.net/instream/video/client.js"},"id":172,"priority":30},
{"action":{"type":"allow"},"condition":{"initiatorDomains":["inn.co.il"],"resourceTypes":["script"],"urlFilter":"||a7.org/combine.js"},"id":173,"priority":30},
{"action":{"type":"allow"},"condition":{"initiatorDomains":["inn.co.il"],"resourceTypes":["script"],"urlFilter":"||a7.org/cab/*.min.js"},"id":174,"priority":30},
{"action":{"type":"allow"},"condition":{"initiatorDomains":["inn.co.il"],"resourceTypes":["script"],"urlFilter":"||a7.org/scripts/forecast.js"},"id":175,"priority":30},
{"action":{"type":"allow"},"condition":{"initiatorDomains":["inn.co.il"],"resourceTypes":["script"],"urlFilter":"||a7.org/scripts/jquery/"},"id":176,"priority":30},
{"action":{"type":"allow"},"condition":{"initiatorDomains":["inn.co.il"],"resourceTypes":["script"],"urlFilter":"||a7.org/scripts/mosaic_"},"id":177,"priority":30},
{"action":{"type":"allow"},"condition":{"initiatorDomains":["13news.co.il","13tv.co.il","hamal.co.il","sheee.co.il","walla.co.il","ynet.co.il"],"resourceTypes":["script"],"urlFilter":"||adservice.google.co.il/adsid/integrator.js?"},"id":178,"priority":30},
{"action":{"type":"allow"},"condition":{"initiatorDomains":["13news.co.il","13tv.co.il","hamal.co.il","sheee.co.il","walla.co.il","ynet.co.il"],"resourceTypes":["script"],"urlFilter":"||adservice.google.com/adsid/integrator.js?"},"id":179,"priority":30},
{"action":{"type":"allow"},"condition":{"resourceTypes":["script"],"urlFilter":"||akamai.advsnx.net/cdn/arutz7/"},"id":180,"priority":30},
{"action":{"type":"allow"},"condition":{"initiatorDomains":["israelhayom-cdnwiz.com","israelhayom.co.il"],"resourceTypes":["script"],"urlFilter":"||akamai.advsnx.net/cdn/israelhayom/html5/amsdk.js"},"id":181,"priority":30},
{"action":{"type":"allow"},"condition":{"initiatorDomains":["13news.co.il","13tv.co.il"],"resourceTypes":["script"],"urlFilter":"||akamai.advsnx.net/cdn/reshet/html5/amsdk.js"},"id":182,"priority":30},
{"action":{"type":"allow"},"condition":{"initiatorDomains":["mako.co.il"],"resourceTypes":["script"],"urlFilter":"||akamai.advsnx.net/cdn/sdk/*-min.js?"},"id":183,"priority":30},
{"action":{"type":"allow"},"condition":{"initiatorDomains":["israelhayom-cdnwiz.com","israelhayom.co.il"],"resourceTypes":["script"],"urlFilter":"||akamai.advsnx.net/cdn/sdk/plugins/*/plugin.js"},"id":184,"priority":30},
{"action":{"type":"allow"},"condition":{"initiatorDomains":["13news.co.il","13tv.co.il","israelhayom-cdnwiz.com","israelhayom.co.il"],"resourceTypes":["script"],"urlFilter":"||akamai.advsnx.net/cdn/sdk/plugins/kaltura/plugin.js"},"id":185,"priority":30},
{"action":{"type":"allow"},"condition":{"initiatorDomains":["20il.co.il","ch20-cdnwiz.com","hamal.co.il","sheee.co.il","walla.co.il"],"resourceTypes":["script"],"urlFilter":"||akamai.advsnx.net/cdn/sdk/plugins/vjs/plugin.js"},"id":186,"priority":30},
{"action":{"type":"allow"},"condition":{"initiatorDomains":["mako.co.il"],"resourceTypes":["script"],"urlFilter":"||akamai.advsnx.net/cdn/sdk/system-scripts/sys-moat.js"},"id":187,"priority":30},
{"action":{"type":"allow"},"condition":{"initiatorDomains":["ynet.co.il"],"resourceTypes":["script"],"urlFilter":"||cdn.flowplayer.com/releases/native/stable/plugins/google-analytics.min.js"},"id":188,"priority":30},
{"action":{"type":"allow"},"condition":{"initiatorDomains":["13news.co.il","13tv.co.il"],"resourceTypes":["script"],"urlFilter":"||cdn.taboola.com/libtrc/reshet-reshet/loader.js"},"id":189,"priority":30},
{"action":{"type":"allow"},"condition":{"initiatorDomains":["hamal.co.il"],"resourceTypes":["script"],"urlFilter":"||cdn.taboola.com/libtrc/wallail-hamal/loader.js"},"id":190,"priority":30},
{"action":{"type":"allow"},"condition":{"initiatorDomains":["hamal.co.il","sheee.co.il","walla.co.il"],"resourceTypes":["script"],"urlFilter":"||cdnjs.cloudflare.com/ajax/libs/videojs-contrib-ads/"},"id":191,"priority":30},
{"action":{"type":"allow"},"condition":{"resourceTypes":["script"],"urlFilter":"||dmag.co.il/pub/shvii/"},"id":192,"priority":30},
{"action":{"type":"allow"},"condition":{"initiatorDomains":["13news.co.il","13tv.co.il","one.co.il"],"resourceTypes":["script"],"urlFilter":"||googletagmanager.com/gtag/js?id="},"id":193,"priority":30},
{"action":{"type":"allow"},"condition":{"initiatorDomains":["clalitsmile.co.il","eshet.com","one.co.il"],"resourceTypes":["script"],"urlFilter":"||googletagmanager.com/gtm.js"},"id":194,"priority":30},
{"action":{"type":"allow"},"condition":{"initiatorDomains":["13news.co.il","13tv.co.il","bizportal.co.il","calcalist.co.il","hamal.co.il","maariv.co.il","mako.co.il","n12.co.il","now14.co.il","one.co.il","sport5.co.il","tech12.co.il","tvbee.co.il","ynet.co.il"],"resourceTypes":["script"],"urlFilter":"||imasdk.googleapis.com/js/sdkloader/ima3.js"},"id":195,"priority":30},
{"action":{"type":"allow"},"condition":{"initiatorDomains":["channel14.web-prd.immergo.tv","now14.co.il"],"resourceTypes":["script"],"urlFilter":"||imasdk.googleapis.com/js/sdkloader/ima3_dai.js"},"id":196,"priority":30},
{"action":{"type":"allow"},"condition":{"initiatorDomains":["inn.co.il"],"resourceTypes":["script"],"urlFilter":"||info.a7.org/info/a7delivery_f.php"},"id":197,"priority":30},
{"action":{"type":"allow"},"condition":{"resourceTypes":["script"],"urlFilter":"||info.jdn.co.il/r/a7delivery_f.php?func=floadone"},"id":198,"priority":30},
{"action":{"type":"allow"},"condition":{"resourceTypes":["script"],"urlFilter":"||jdn.co.il/wp-content/plugins/jdn_ads/js/info.js"},"id":199,"priority":30},
{"action":{"type":"allow"},"condition":{"initiatorDomains":["bizportal.co.il"],"resourceTypes":["script"],"urlFilter":"||libs.outbrain.com/video/"},"id":200,"priority":30},
{"action":{"type":"allow"},"condition":{"initiatorDomains":["mako.co.il"],"resourceTypes":["script"],"urlFilter":"||mako.co.il/js/dfp/dfp.js"},"id":201,"priority":30},
{"action":{"type":"allow"},"condition":{"initiatorDomains":["ynet.co.il"],"resourceTypes":["script"],"urlFilter":"||pagead2.googlesyndication.com/omsdk/"},"id":202,"priority":30},
{"action":{"type":"allow"},"condition":{"initiatorDomains":["13news.co.il","13tv.co.il","haaretz.co.il","one.co.il","themarker.com"],"resourceTypes":["script"],"urlFilter":"||partner.googleadservices.com/gpt/pubads_"},"id":203,"priority":30},
{"action":{"type":"allow"},"condition":{"resourceTypes":["script","xmlhttprequest"],"urlFilter":"||rcs.mako.co.il/js/ads.js"},"id":204,"priority":30},
{"action":{"type":"allow"},"condition":{"initiatorDomains":["bizportal.co.il"],"resourceTypes":["script"],"urlFilter":"||s.vi-serve.com/publishers/"},"id":205,"priority":30},
{"action":{"type":"allow"},"condition":{"initiatorDomains":["bizportal.co.il"],"resourceTypes":["script"],"urlFilter":"||s.vi-serve.com/source.m.js"},"id":206,"priority":30},
{"action":{"type":"allow"},"condition":{"initiatorDomains":["bizportal.co.il"],"resourceTypes":["script"],"urlFilter":"||s.vi-serve.com/tagloader.js"},"id":207,"priority":30},
{"action":{"type":"allow"},"condition":{"initiatorDomains":["13news.co.il","13tv.co.il","nifgashim.net"],"resourceTypes":["script"],"urlFilter":"||securepubads.g.doubleclick.net/gampad/ads?gdfp_"},"id":208,"priority":30},
{"action":{"type":"allow"},"condition":{"initiatorDomains":["13news.co.il","13tv.co.il","nifgashim.net"],"resourceTypes":["script"],"urlFilter":"||securepubads.g.doubleclick.net/gpt/"},"id":209,"priority":30},
{"action":{"type":"allow"},"condition":{"initiatorDomains":["13news.co.il","13tv.co.il"],"resourceTypes":["script"],"urlFilter":"||securepubads.g.doubleclick.net/tag/js/"},"id":210,"priority":30},
{"action":{"type":"allow"},"condition":{"initiatorDomains":["one.co.il"],"resourceTypes":["script"],"urlFilter":"||static.site24x7rum.com/beacon/site24x7rum-min.js"},"id":211,"priority":30},
{"action":{"type":"allow"},"condition":{"initiatorDomains":["13news.co.il","13tv.co.il"],"resourceTypes":["script"],"urlFilter":"||tags.dxmdp.com/tags/"},"id":212,"priority":30},
{"action":{"type":"allow"},"condition":{"resourceTypes":["script"],"urlFilter":"||trc.taboola.com/globes-il/"},"id":213,"priority":30},
{"action":{"type":"allow"},"condition":{"resourceTypes":["script"],"urlFilter":"||yad2.co.il/ads.js"},"id":214,"priority":30},
{"action":{"type":"allow"},"condition":{"initiatorDomains":["ynet.co.il"],"resourceTypes":["script"],"urlFilter":"||ynet.co.il/dc/dcloadads/"},"id":215,"priority":30},
{"action":{"type":"allow"},"condition":{"initiatorDomains":["themarker.com"],"resourceTypes":["script"],"urlFilter":"||ampproject.org/amp4ads-"},"id":216,"priority":30},
{"action":{"type":"allow"},"condition":{"resourceTypes":["xmlhttprequest"],"urlFilter":"||555.co.il/pearl/rest/analytics/"},"id":217,"priority":30},
{"action":{"type":"allow"},"condition":{"initiatorDomains":["playern.sport5.co.il"],"resourceTypes":["xmlhttprequest"],"urlFilter":"||adtest.advsnx.net^*?"},"id":218,"priority":30},
{"action":{"type":"allow"},"condition":{"initiatorDomains":["mako.co.il"],"requestDomains":["akamai.advsnx.net"],"resourceTypes":["xmlhttprequest"]},"id":219,"priority":30},
{"action":{"type":"allow"},"condition":{"resourceTypes":["xmlhttprequest"],"urlFilter":"||cdnwiz.com/ads.js"},"id":220,"priority":30},
{"action":{"type":"allow"},"condition":{"initiatorDomains":["ynet.co.il"],"resourceTypes":["xmlhttprequest"],"urlFilter":"||errors.snackly.co/_.gif|"},"id":221,"priority":30},
{"action":{"type":"allow"},"condition":{"resourceTypes":["xmlhttprequest"],"urlFilter":"||imaot.co.il/recipe/"},"id":222,"priority":30},
{"action":{"type":"allow"},"condition":{"resourceTypes":["xmlhttprequest"],"urlFilter":"||player.bizportal.co.il/handlers/advertising.ashx?"},"id":223,"priority":30},
{"action":{"type":"allow"},"condition":{"initiatorDomains":["mako.co.il","n12.co.il","tech12.co.il","tvbee.co.il"],"resourceTypes":["xmlhttprequest"],"urlFilter":"||rcs.mako.co.il/js/prebid-"},"id":224,"priority":30},
{"action":{"type":"allow"},"condition":{"initiatorDomains":["maccabi4u.co.il"],"resourceTypes":["xmlhttprequest"],"urlFilter":"||report.maccabi.*/cls_report?"},"id":225,"priority":30},
{"action":{"type":"allow"},"condition":{"resourceTypes":["xmlhttprequest"],"urlFilter":"||services.haaretz.co.il/games-backend/"},"id":226,"priority":30},
{"action":{"type":"allow"},"condition":{"initiatorDomains":["bizportal.co.il"],"resourceTypes":["xmlhttprequest"],"urlFilter":"||vis.vi-serve.com/playlist/"},"id":227,"priority":30},
{"action":{"type":"allow"},"condition":{"requestDomains":["old-games.org","taimeod.co.il"],"resourceTypes":["main_frame"]},"id":228,"priority":30},
{"action":{"type":"allow"},"condition":{"domainType":"firstParty","urlFilter":"||bipbip.co.il/images/ads/"},"id":229,"priority":30},
{"action":{"type":"allow"},"condition":{"domainType":"firstParty","resourceTypes":["stylesheet"],"urlFilter":"||hamal.co.il/public/assets/ads/"},"id":230,"priority":30},
{"action":{"type":"allow"},"condition":{"domainType":"firstParty","resourceTypes":["stylesheet"],"urlFilter":"||sheee.co.il/public/assets/videojsads/videojs-contrib-ads."},"id":231,"priority":30},
{"action":{"type":"allow"},"condition":{"domainType":"firstParty","resourceTypes":["stylesheet"],"urlFilter":"||walla.co.il/public/assets/videojsads/videojs-contrib-ads."},"id":232,"priority":30},
{"action":{"type":"allow"},"condition":{"domainType":"firstParty","resourceTypes":["script","stylesheet"],"urlFilter":"||ynet.co.il/common/api/scripts/video/videojs.ads."},"id":233,"priority":30},
{"action":{"type":"allow"},"condition":{"domainType":"firstParty","resourceTypes":["image"],"urlFilter":"||callil.co.il/content/ads/"},"id":234,"priority":30},
{"action":{"type":"allow"},"condition":{"domainType":"firstParty","resourceTypes":["image"],"urlFilter":"||isramedia.net/images/header/"},"id":235,"priority":30},
{"action":{"type":"allow"},"condition":{"domainType":"firstParty","resourceTypes":["image"],"urlFilter":"||yad2.co.il/assets/mobile/ui/adpage/"},"id":236,"priority":30},
{"action":{"type":"allow"},"condition":{"domainType":"firstParty","initiatorDomains":["13news.co.il","13tv.co.il"],"resourceTypes":["script"],"urlFilter":"/ads.js?"},"id":237,"priority":30},
{"action":{"type":"allow"},"condition":{"domainType":"firstParty","initiatorDomains":["13news.co.il","13tv.co.il"],"resourceTypes":["script"],"urlFilter":"/ads.min.js?"},"id":238,"priority":30},
{"action":{"type":"allow"},"condition":{"domainType":"firstParty","initiatorDomains":["13news.co.il","13tv.co.il"],"resourceTypes":["script"],"urlFilter":"/adunits."},"id":239,"priority":30},
{"action":{"type":"allow"},"condition":{"domainType":"firstParty","resourceTypes":["script"],"urlFilter":"||b-share.com/wp-content/*/advertisement."},"id":240,"priority":30},
{"action":{"type":"allow"},"condition":{"domainType":"firstParty","resourceTypes":["script"],"urlFilter":"||hamal.co.il/advertising/ads/gtm.js|"},"id":241,"priority":30},
{"action":{"type":"allow"},"condition":{"domainType":"firstParty","resourceTypes":["script"],"urlFilter":"||hwzone.co.il/wp-content/plugins/wpadverts/assets/js/adverts-frontend.js"},"id":242,"priority":30},
{"action":{"type":"allow"},"condition":{"domainType":"firstParty","resourceTypes":["script"],"urlFilter":"||isramedia.net/ads.js"},"id":243,"priority":30},
{"action":{"type":"allow"},"condition":{"domainType":"firstParty","resourceTypes":["script"],"urlFilter":"||sport5.co.il^*/dfp."},"id":244,"priority":30},
{"action":{"type":"allow"},"condition":{"domainType":"firstParty","resourceTypes":["script"],"urlFilter":"||sport5.co.il^*/dfp/"},"id":245,"priority":30},
{"action":{"type":"allow"},"condition":{"domainType":"firstParty","resourceTypes":["script"],"urlFilter":"||weather2day.co.il/ads.js?"},"id":246,"priority":30},
{"action":{"type":"allow"},"condition":{"domainType":"firstParty","resourceTypes":["xmlhttprequest"],"urlFilter":"||foodsdictionary.co.il/static/"},"id":247,"priority":30}
]
