[
{
 "action": {
  "type": "block"
 },
 "condition": {
  "initiatorDomains": [
   "amatorialeporno.it",
   "amoreporno.com",
   "clipdisesso.com",
   "culonudo.com",
   "granditetteporno.it",
   "listasitiporno.it",
   "matrignaporno.it",
   "matureporno.it",
   "milfporno.it",
   "peneporno.com",
   "porno-anale.it",
   "porno-gay.it",
   "porno-hardcore.it",
   "porno-lesbica.it",
   "pornoadolescente.it",
   "pornoamica.com",
   "pornocategorie.com",
   "pornoculi.com",
   "pornomatura.it",
   "pornotreno.com",
   "sessoromantico.com",
   "videoporno-gratis.it"
  ],
  "regexFilter": "^https?:\\/\\/.*\\/[a-z0-9A-Z_]{2,15}\\.(php|jx|jsx|1ph|jsf|jz|jsm|j$)",
  "resourceTypes": [
   "image",
   "script",
   "sub_frame"
  ]
 },
 "id": 1,
 "priority": 10
},
{
 "action": {
  "type": "block"
 },
 "condition": {
  "initiatorDomains": [
   "mrpornogratis.it",
   "pornototale.com"
  ],
  "regexFilter": "^https?:\\/\\/.*\\/.*sw[0-9._].*",
  "resourceTypes": [
   "script"
  ]
 },
 "id": 2,
 "priority": 10
},
{
 "action": {
  "type": "block"
 },
 "condition": {
  "domainType": "thirdParty",
  "initiatorDomains": [
   "animeunity.to",
   "calcio.run",
   "guardaserie01.click",
   "onepiecepower.com",
   "pepperlive.info",
   "streamingcommunity.cz"
  ],
  "regexFilter": "^https?:\\/\\/[0-9a-z]{8,}\\.com\\/.*",
  "resourceTypes": [
   "script",
   "xmlhttprequest"
  ]
 },
 "id": 3,
 "priority": 10
},
{
 "action": {
  "type": "block"
 },
 "condition": {
  "domainType": "thirdParty",
  "initiatorDomains": [
   "altadefinizione01.lol",
   "ilgeniodellostreaming.zone"
  ],
  "regexFilter": "^https?:\\/\\/[0-9a-z]{8,}\\.xyz\\/.*",
  "resourceTypes": [
   "script",
   "xmlhttprequest"
  ]
 },
 "id": 4,
 "priority": 10
}
]
